Year,Site,Location,Mesh,Leaf,Rep,ID #,AFDM,Gammaridae,Trichoptera,Ephemeroptera,Plecoptera ,Odonata,Chirononmidae,Simuliidae,Asellidae,Limnephillidae,Rhyacophilidae,Elmidae,Dytiscidae,Tipulidae,Planorbiidae,Lymnaeidae,Oligochaete,Hirudinea,Arachnida,Other
2014,Elgg ,U2,Fine,Alder,1,1,2.42,0,0,0,0,0,0,0,0,0,0,0,0,0,0,0,0,0,0,0
2014,Elgg ,U2,Fine,Alder,2,2,2.64,0,0,0,0,0,0,0,0,0,0,0,0,0,0,0,0,0,0,0
2014,Elgg ,U2,Fine,Alder,3,3,2.56,0,0,0,0,0,0,0,0,0,0,0,0,0,0,0,0,0,0,0
2014,Elgg ,U2,Fine,Alder,4,4,2.66,0,0,0,0,0,0,0,0,0,0,0,0,0,0,0,0,0,0,0
2014,Elgg ,U2,Fine,Alder,5,5,2.51,0,0,0,0,0,0,0,0,0,0,0,0,0,0,0,0,0,0,0
2014,Elgg ,U2,Fine,Alder,6,6,2.61,0,0,0,0,0,0,0,0,0,0,0,0,0,0,0,0,0,0,0
2014,Elgg ,U2,Coarse,Alder,1,7,2.17,5,0,0,0,0,0,0,0,0,0,0,0,0,0,0,0,0,0,0
2014,Elgg ,U2,Coarse,Alder,2,8,2.34,13,0,0,0,0,0,0,0,0,0,0,0,0,0,0,0,0,0,0
2014,Elgg ,U2,Coarse,Alder,3,9,2.23,7,0,0,0,0,0,0,0,0,0,0,0,0,0,0,0,0,0,0
2014,Elgg ,U2,Coarse,Alder,4,10,2.43,3,0,0,0,0,0,0,0,0,0,0,0,0,0,0,0,0,0,0
2014,Elgg ,U2,Coarse,Alder,5,11,2.02,9,0,0,0,0,0,0,0,0,0,0,0,0,0,0,0,0,0,0
2014,Elgg ,U2,Coarse,Alder,6,12,1.82,7,0,0,0,0,0,0,0,0,0,0,0,0,0,0,0,0,0,0
2014,Elgg ,U1,Fine,Alder,1,13,1.88,0,0,0,0,0,0,0,0,0,0,0,0,0,0,0,0,0,0,0
2014,Elgg ,U1,Fine,Alder,2,14,2.45,0,0,0,0,0,0,0,0,0,0,0,0,0,0,0,0,0,0,0
2014,Elgg ,U1,Fine,Alder,3,15,2.66,0,0,0,0,0,0,0,0,0,0,0,0,0,0,0,0,0,0,0
2014,Elgg ,U1,Fine,Alder,4,16,2.56,0,0,0,0,0,0,0,0,0,0,0,0,0,0,0,0,0,0,0
2014,Elgg ,U1,Fine,Alder,5,17,2.29,0,0,0,0,0,0,0,0,0,0,0,0,0,0,0,0,0,0,0
2014,Elgg ,U1,Fine,Alder,6,18,2.69,0,0,0,0,0,0,0,0,0,0,0,0,0,0,0,0,0,0,0
2014,Elgg ,U1,Coarse,Alder,1,19,2.33,3,0,0,0,0,0,0,0,0,0,0,0,0,0,0,0,0,0,0
2014,Elgg ,U1,Coarse,Alder,2,20,2.14,2,0,0,0,0,0,0,0,0,0,0,0,0,0,0,0,0,0,0
2014,Elgg ,U1,Coarse,Alder,3,21,1.97,1,0,0,0,0,0,0,0,0,0,0,0,0,0,0,0,0,0,0
2014,Elgg ,U1,Coarse,Alder,4,22,2.27,2,0,0,0,0,0,0,0,0,0,0,0,0,0,0,0,0,0,0
2014,Elgg ,U1,Coarse,Alder,5,23,2.34,1,0,0,0,0,0,0,0,0,0,0,0,0,0,0,0,0,0,0
2014,Elgg ,U1,Coarse,Alder,6,24,2.47,2,0,0,0,0,0,0,0,0,0,0,0,0,0,0,0,0,0,0
2014,Elgg ,D,Fine,Alder,1,25,2.52,0,0,0,0,0,0,0,0,0,0,0,0,0,0,0,0,0,0,0
2014,Elgg ,D,Fine,Alder,2,26,2.35,0,0,0,0,0,0,0,0,0,0,0,0,0,0,0,0,0,0,0
2014,Elgg ,D,Fine,Alder,3,27,2.41,0,0,0,0,0,0,0,0,0,0,0,0,0,0,0,0,0,0,0
2014,Elgg ,D,Fine,Alder,4,28,2.35,0,0,0,0,0,0,0,0,0,0,0,0,0,0,0,0,0,0,0
2014,Elgg ,D,Fine,Alder,5,29,2.42,0,0,0,0,0,0,0,0,0,0,0,0,0,0,0,0,0,0,0
2014,Elgg ,D,Fine,Alder,6,30,2.36,0,0,0,0,0,0,0,0,0,0,0,0,0,0,0,0,0,0,0
2014,Elgg ,D,Coarse,Alder,1,31,2.24,0,1,1,0,0,0,0,0,0,0,0,0,0,0,0,0,0,0,0
2014,Elgg ,D,Coarse,Alder,2,32,2.4,2,0,0,0,0,0,0,0,0,0,0,0,0,0,0,0,0,0,0
2014,Elgg ,D,Coarse,Alder,3,33,2.28,2,0,0,0,0,0,0,0,0,0,0,0,0,0,0,0,0,0,0
2014,Elgg ,D,Coarse,Alder,4,34,2.23,2,0,0,0,0,0,0,0,0,0,0,0,0,0,0,0,0,0,0
2014,Elgg ,D,Coarse,Alder,5,35,2.27,0,1,1,0,0,0,0,0,0,0,0,0,0,0,0,0,0,0,0
2014,Elgg ,D,Coarse,Alder,6,36,2.21,0,3,1,0,0,0,0,0,0,0,0,0,0,0,0,0,0,0,0
2014,Ellikon ,U2,Fine,Alder,1,37,0.88,0,0,0,0,0,0,0,0,0,0,0,0,0,0,0,0,0,0,0
2014,Ellikon ,U2,Fine,Alder,2,38,1.05,0,0,0,0,0,0,0,0,0,0,0,0,0,0,0,0,0,0,0
2014,Ellikon ,U2,Fine,Alder,3,39,0.91,0,0,0,0,0,0,0,0,0,0,0,0,0,0,0,0,0,0,0
2014,Ellikon ,U2,Fine,Alder,4,40,1.84,0,0,0,0,0,0,0,0,0,0,0,0,0,0,0,0,0,0,0
2014,Ellikon ,U2,Fine,Alder,5,41,NA,0,0,0,0,0,0,0,0,0,0,0,0,0,0,0,0,0,0,0
2014,Ellikon ,U2,Fine,Alder,6,42,NA,0,0,0,0,0,0,0,0,0,0,0,0,0,0,0,0,0,0,0
2014,Ellikon ,U2,Coarse,Alder,1,43,1.9,0,0,0,0,0,0,0,0,0,0,0,0,0,0,0,0,0,0,0
2014,Ellikon ,U2,Coarse,Alder,2,44,2.03,0,0,0,0,0,0,0,0,0,0,0,0,0,0,0,0,0,0,0
2014,Ellikon ,U2,Coarse,Alder,3,45,2.05,0,0,0,0,0,0,0,0,0,0,0,0,0,0,0,0,0,0,0
2014,Ellikon ,U2,Coarse,Alder,4,46,2.31,0,0,0,0,0,0,0,0,0,0,0,0,0,0,0,0,0,0,0
2014,Ellikon ,U2,Coarse,Alder,5,47,2.31,0,0,0,0,0,0,0,0,0,0,0,0,0,0,0,0,0,0,0
2014,Ellikon ,U2,Coarse,Alder,6,48,2.76,0,0,0,0,0,0,0,0,0,0,0,0,0,0,0,0,0,0,0
2014,Ellikon ,U1,Fine,Alder,1,49,2.55,0,0,0,0,0,0,0,0,0,0,0,0,0,0,0,0,0,0,0
2014,Ellikon ,U1,Fine,Alder,2,50,2.75,0,0,0,0,0,0,0,0,0,0,0,0,0,0,0,0,0,0,0
2014,Ellikon ,U1,Fine,Alder,3,51,2.33,0,0,0,0,0,0,0,0,0,0,0,0,0,0,0,0,0,0,0
2014,Ellikon ,U1,Fine,Alder,4,52,2.44,0,0,0,0,0,0,0,0,0,0,0,0,0,0,0,0,0,0,0
2014,Ellikon ,U1,Fine,Alder,5,53,2.62,0,0,0,0,0,0,0,0,0,0,0,0,0,0,0,0,0,0,0
2014,Ellikon ,U1,Fine,Alder,6,54,2.67,0,0,0,0,0,0,0,0,0,0,0,0,0,0,0,0,0,0,0
2014,Ellikon ,U1,Coarse,Alder,1,55,1.96,0,0,0,0,0,0,0,0,0,0,0,0,0,0,0,0,0,0,0
2014,Ellikon ,U1,Coarse,Alder,2,56,1.99,0,0,0,0,0,0,0,0,0,0,0,0,0,0,0,0,0,0,0
2014,Ellikon ,U1,Coarse,Alder,3,57,2.26,0,0,0,0,0,0,0,0,0,0,0,0,0,0,0,0,0,0,0
2014,Ellikon ,U1,Coarse,Alder,4,58,2.16,0,0,0,0,0,0,0,0,0,0,0,0,0,0,0,0,0,0,0
2014,Ellikon ,U1,Coarse,Alder,5,59,2.25,0,0,0,0,0,0,0,0,0,0,0,0,0,0,0,0,0,0,0
2014,Ellikon ,U1,Coarse,Alder,6,60,2.15,0,0,0,0,0,0,0,0,0,0,0,0,0,0,0,0,0,0,0
2014,Ellikon ,D,Fine,Alder,1,61,2.71,0,0,0,0,0,0,0,0,0,0,0,0,0,0,0,0,0,0,0
2014,Ellikon ,D,Fine,Alder,2,62,2.78,0,0,0,0,0,0,0,0,0,0,0,0,0,0,0,0,0,0,0
2014,Ellikon ,D,Fine,Alder,3,63,2.71,0,0,0,0,0,0,0,0,0,0,0,0,0,0,0,0,0,0,0
2014,Ellikon ,D,Fine,Alder,4,64,2.41,0,0,0,0,0,0,0,0,0,0,0,0,0,0,0,0,0,0,0
2014,Ellikon ,D,Fine,Alder,5,65,2.82,0,0,0,0,0,0,0,0,0,0,0,0,0,0,0,0,0,0,0
2014,Ellikon ,D,Fine,Alder,6,66,2.7,0,0,0,0,0,0,0,0,0,0,0,0,0,0,0,0,0,0,0
2014,Ellikon ,D,Coarse,Alder,1,67,2.2,0,0,0,0,0,0,0,0,0,0,0,0,0,0,0,0,0,0,0
2014,Ellikon ,D,Coarse,Alder,2,68,2.55,0,0,0,0,0,0,0,0,0,0,0,0,0,0,0,0,0,0,0
2014,Ellikon ,D,Coarse,Alder,3,69,1.93,0,0,0,0,0,0,0,0,0,0,0,0,0,0,0,0,0,0,0
2014,Ellikon ,D,Coarse,Alder,4,70,2.16,0,0,0,0,0,0,0,0,0,0,0,0,0,0,0,0,0,0,0
2014,Ellikon ,D,Coarse,Alder,5,71,2.84,0,0,0,0,0,0,0,0,0,0,0,0,0,0,0,0,0,0,0
2014,Ellikon ,D,Coarse,Alder,6,72,2.64,0,0,0,0,0,0,0,0,0,0,0,0,0,0,0,0,0,0,0
2014,Knonau ,U2,Fine,Alder,1,73,2.8,0,0,0,0,0,0,0,0,0,0,0,0,0,0,0,0,0,0,0
2014,Knonau ,U2,Fine,Alder,2,74,2.68,0,0,0,0,0,0,0,0,0,0,0,0,0,0,0,0,0,0,0
2014,Knonau ,U2,Fine,Alder,3,75,2.73,0,0,0,0,0,0,0,0,0,0,0,0,0,0,0,0,0,0,0
2014,Knonau ,U2,Fine,Alder,4,76,2.66,0,0,0,0,0,0,0,0,0,0,0,0,0,0,0,0,0,0,0
2014,Knonau ,U2,Fine,Alder,5,77,2.65,0,0,0,0,0,0,0,0,0,0,0,0,0,0,0,0,0,0,0
2014,Knonau ,U2,Fine,Alder,6,78,NA,0,0,0,0,0,0,0,0,0,0,0,0,0,0,0,0,0,0,0
2014,Knonau ,U2,Coarse,Alder,1,79,2.01,0,0,0,0,0,0,0,0,0,0,0,0,0,0,0,0,0,0,0
2014,Knonau ,U2,Coarse,Alder,2,80,2.23,0,0,0,0,0,0,0,0,0,0,0,0,2,0,0,0,0,0,0
2014,Knonau ,U2,Coarse,Alder,3,81,2.15,0,0,0,0,0,0,0,0,0,0,0,0,0,0,0,0,0,0,0
2014,Knonau ,U2,Coarse,Alder,4,82,2.14,0,0,0,0,0,0,0,0,0,0,0,0,0,0,0,0,0,0,0
2014,Knonau ,U2,Coarse,Alder,5,83,2.23,0,0,0,0,0,0,0,0,0,0,0,0,0,0,0,0,0,0,0
2014,Knonau ,U2,Coarse,Alder,6,84,2.11,0,0,0,0,0,0,0,0,0,0,0,0,0,0,0,0,0,0,0
2014,Knonau ,U1,Fine,Alder,1,85,1.97,0,0,0,0,0,0,0,0,0,0,0,0,0,0,0,0,0,0,0
2014,Knonau ,U1,Fine,Alder,2,86,NA,0,0,0,0,0,0,0,0,0,0,0,0,0,0,0,0,0,0,0
2014,Knonau ,U1,Fine,Alder,3,87,2.32,0,0,0,0,0,0,0,0,0,0,0,0,0,0,0,0,0,0,0
2014,Knonau ,U1,Fine,Alder,4,88,2.65,0,0,0,0,0,0,0,0,0,0,0,0,0,0,0,0,0,0,0
2014,Knonau ,U1,Fine,Alder,5,89,2.58,0,0,0,0,0,0,0,0,0,0,0,0,0,0,0,0,0,0,0
2014,Knonau ,U1,Fine,Alder,6,90,2.45,0,0,0,0,0,0,0,0,0,0,0,0,0,0,0,0,0,0,0
2014,Knonau ,U1,Coarse,Alder,1,91,2.24,0,0,0,0,0,0,0,0,0,0,0,0,0,0,0,0,0,0,0
2014,Knonau ,U1,Coarse,Alder,2,92,2,0,0,0,0,0,0,0,0,0,0,0,0,0,0,0,0,0,0,0
2014,Knonau ,U1,Coarse,Alder,3,93,1.92,0,0,0,0,0,0,0,0,0,0,0,0,0,0,0,0,0,0,0
2014,Knonau ,U1,Coarse,Alder,4,94,2.06,0,0,0,0,0,0,0,0,0,0,0,0,0,0,0,0,0,0,0
2014,Knonau ,U1,Coarse,Alder,5,95,2.22,0,0,0,0,0,0,0,0,0,0,0,0,0,0,0,0,0,0,0
2014,Knonau ,U1,Coarse,Alder,6,96,2.11,0,0,0,0,0,0,0,0,0,0,0,0,0,0,0,0,0,0,0
2014,Knonau ,D,Fine,Alder,1,97,2.57,0,0,0,0,0,0,0,0,0,0,0,0,0,0,0,0,0,0,0
2014,Knonau ,D,Fine,Alder,2,98,2.66,0,0,0,0,0,0,0,0,0,0,0,0,0,0,0,0,0,0,0
2014,Knonau ,D,Fine,Alder,3,99,NA,0,0,0,0,0,0,0,0,0,0,0,0,0,0,0,1,0,0,0
2014,Knonau ,D,Fine,Alder,4,100,NA,0,0,0,0,0,2,0,0,0,0,0,0,0,0,0,0,0,0,0
2014,Knonau ,D,Fine,Alder,5,101,2.59,0,0,0,0,0,0,0,0,0,0,0,0,0,0,0,0,0,0,0
2014,Knonau ,D,Fine,Alder,6,102,2.91,0,0,0,0,0,0,0,0,0,0,0,0,0,0,0,0,0,0,0
2014,Knonau ,D,Coarse,Alder,1,103,3.34,1,0,0,0,0,0,0,0,0,0,0,0,0,0,0,0,0,0,0
2014,Knonau ,D,Coarse,Alder,2,104,2.45,3,0,0,0,0,0,0,0,0,0,0,0,0,0,0,0,0,0,0
2014,Knonau ,D,Coarse,Alder,3,105,2.02,3,0,0,0,0,0,0,0,0,0,0,0,0,0,0,1,0,0,0
2014,Knonau ,D,Coarse,Alder,4,106,2.29,1,0,0,0,0,0,0,0,0,0,0,0,0,0,0,0,0,0,0
2014,Knonau ,D,Coarse,Alder,5,107,2.25,0,0,0,0,0,2,0,0,0,0,0,0,0,0,0,0,0,0,0
2014,Knonau ,D,Coarse,Alder,6,108,2.47,0,0,0,0,0,0,0,0,0,0,0,0,0,0,0,0,0,0,0
2014,Marthanlen ,U2,Fine,Alder,1,109,2.84,0,0,0,0,0,0,0,0,0,0,0,0,0,0,0,0,0,0,0
2014,Marthanlen ,U2,Fine,Alder,2,110,2.77,0,0,0,0,0,0,0,0,0,0,0,0,0,0,0,0,0,0,0
2014,Marthanlen ,U2,Fine,Alder,3,111,2.65,0,0,0,0,0,0,0,0,0,0,0,0,0,0,0,0,0,0,0
2014,Marthanlen ,U2,Fine,Alder,4,112,2.81,0,0,0,0,0,0,0,0,0,0,0,0,0,0,0,0,0,0,0
2014,Marthanlen ,U2,Fine,Alder,5,113,2.66,0,0,0,0,0,0,0,0,0,0,0,0,0,0,0,0,0,0,0
2014,Marthanlen ,U2,Fine,Alder,6,114,2.93,0,0,0,0,0,0,0,0,0,0,0,0,0,0,0,0,0,0,0
2014,Marthanlen ,U2,Coarse,Alder,1,115,3.12,0,0,0,0,0,0,0,0,0,0,0,0,2,0,0,0,0,0,0
2014,Marthanlen ,U2,Coarse,Alder,2,116,2.54,0,0,0,0,0,0,0,0,0,0,0,0,0,0,0,0,0,0,0
2014,Marthanlen ,U2,Coarse,Alder,3,117,2.08,0,0,0,0,0,0,0,0,0,0,0,0,0,0,0,0,0,0,0
2014,Marthanlen ,U2,Coarse,Alder,4,118,2.79,0,0,0,0,0,0,0,0,0,0,0,0,0,0,0,0,0,0,0
2014,Marthanlen ,U2,Coarse,Alder,5,119,2.69,3,0,0,0,0,0,0,0,0,0,0,0,2,0,0,0,0,0,0
2014,Marthanlen ,U2,Coarse,Alder,6,120,2.93,3,0,0,0,0,0,0,0,0,0,0,0,1,0,0,0,0,0,0
2014,Marthanlen ,U1,Coarse,Alder,1,121,NA,0,0,0,0,0,0,0,0,0,0,0,0,0,0,0,0,0,0,0
2014,Marthanlen ,U1,Coarse,Alder,2,122,NA,0,0,0,0,0,0,0,0,0,0,0,0,0,0,0,0,0,0,0
2014,Marthanlen ,U1,Coarse,Alder,3,123,NA,0,0,0,0,0,0,0,0,0,0,0,0,0,0,0,0,0,0,0
2014,Marthanlen ,U1,Coarse,Alder,4,124,NA,0,0,0,0,0,0,0,0,0,0,0,0,0,0,0,0,0,0,0
2014,Marthanlen ,U1,Coarse,Alder,5,125,NA,0,0,0,0,0,0,0,0,0,0,0,0,0,0,0,0,0,0,0
2014,Marthanlen ,U1,Coarse,Alder,6,126,NA,0,0,0,0,0,0,0,0,0,0,0,0,0,0,0,0,0,0,0
2014,Marthanlen ,U1,Coarse,Alder,1,127,2.02,0,0,0,0,0,0,0,0,0,0,0,0,0,0,0,0,0,0,0
2014,Marthanlen ,U1,Coarse,Alder,2,128,1.56,6,0,0,0,0,0,0,0,0,0,0,0,0,0,0,0,0,0,0
2014,Marthanlen ,U1,Coarse,Alder,3,129,1.31,3,0,0,0,0,0,0,0,0,0,0,0,0,0,0,0,0,0,0
2014,Marthanlen ,U1,Coarse,Alder,4,130,0.98,2,0,0,0,0,0,0,0,0,0,0,0,0,0,0,0,0,0,0
2014,Marthanlen ,U1,Coarse,Alder,5,131,1.33,2,0,0,0,0,0,0,0,0,0,0,0,0,0,0,0,0,0,0
2014,Marthanlen ,U1,Coarse,Alder,6,132,1.47,3,0,0,0,0,0,0,0,0,0,0,0,0,0,0,0,0,0,0
2014,Marthanlen ,D,Fine,Alder,1,133,2.68,0,0,0,0,0,0,0,0,0,0,0,0,0,0,0,0,0,0,0
2014,Marthanlen ,D,Fine,Alder,2,134,2.74,0,0,0,0,0,0,0,0,0,0,0,0,0,0,0,0,0,0,0
2014,Marthanlen ,D,Fine,Alder,3,135,2.7,0,0,0,0,0,0,0,0,0,0,0,0,0,0,0,0,0,0,0
2014,Marthanlen ,D,Fine,Alder,4,136,2.64,0,0,0,0,0,0,0,0,0,0,0,0,0,0,0,0,0,0,0
2014,Marthanlen ,D,Fine,Alder,5,137,2.93,0,0,0,0,0,0,0,0,0,0,0,0,0,0,0,0,0,0,0
2014,Marthanlen ,D,Fine,Alder,6,138,2.74,0,0,0,0,0,0,0,0,0,0,0,0,0,0,0,0,0,0,0
2014,Marthanlen ,D,Coarse,Alder,1,139,2.19,7,0,0,0,0,0,0,0,0,0,0,0,0,0,0,0,0,0,0
2014,Marthanlen ,D,Coarse,Alder,2,140,1.91,6,0,0,0,0,0,0,0,0,0,0,0,0,0,0,0,0,0,0
2014,Marthanlen ,D,Coarse,Alder,3,141,1.09,6,0,0,0,0,0,0,0,0,0,0,0,0,0,0,0,0,0,0
2014,Marthanlen ,D,Coarse,Alder,4,142,1.59,5,0,0,0,0,0,0,0,0,0,0,0,0,0,0,0,0,0,0
2014,Marthanlen ,D,Coarse,Alder,5,143,1.31,7,0,0,0,0,0,0,0,0,0,0,0,0,0,0,0,0,0,0
2014,Marthanlen ,D,Coarse,Alder,6,144,1.94,5,0,0,0,0,0,0,0,0,0,0,0,0,0,0,0,0,0,0
2014,Muri ,U2,Fine,Alder,1,145,2.64,0,0,0,0,0,0,0,0,0,0,0,0,0,0,0,0,0,0,0
2014,Muri ,U2,Fine,Alder,2,146,2.51,0,0,0,0,0,0,0,0,0,0,0,0,0,0,0,0,0,0,0
2014,Muri ,U2,Fine,Alder,3,147,2.51,0,0,0,0,0,0,0,0,0,0,0,0,0,0,0,0,0,0,0
2014,Muri ,U2,Fine,Alder,4,148,2.67,0,0,0,0,0,0,0,0,0,0,0,0,0,0,0,0,0,0,0
2014,Muri ,U2,Fine,Alder,5,149,2.49,0,0,0,0,0,0,0,0,0,0,0,0,0,0,0,0,0,0,0
2014,Muri ,U2,Fine,Alder,6,150,NA,0,0,0,0,0,0,0,0,0,0,0,0,0,0,0,0,0,0,0
2014,Muri ,U2,Coarse,Alder,1,151,2.18,0,0,0,0,0,0,0,0,0,0,0,0,0,0,2,0,0,0,0
2014,Muri ,U2,Coarse,Alder,2,152,2.88,0,1,0,0,0,0,0,0,0,1,0,0,0,0,0,0,0,0,0
2014,Muri ,U2,Coarse,Alder,3,153,2.49,0,0,0,0,0,0,0,0,0,0,0,0,0,0,2,0,0,0,0
2014,Muri ,U2,Coarse,Alder,4,154,2.13,0,3,1,0,0,0,0,0,1,1,0,0,0,0,0,0,0,0,0
2014,Muri ,U2,Coarse,Alder,5,155,2.53,0,0,0,0,0,0,0,0,0,0,0,0,0,0,1,0,0,0,0
2014,Muri ,U2,Coarse,Alder,6,156,2.2,0,0,0,0,0,0,0,0,0,0,0,0,0,0,0,0,0,0,0
2014,Muri ,U1,Fine,Alder,1,157,2.25,0,0,0,0,0,0,0,0,0,0,0,0,0,0,0,0,0,0,0
2014,Muri ,U1,Fine,Alder,2,158,NA,0,0,0,0,0,0,0,0,0,0,0,0,0,0,0,0,0,0,0
2014,Muri ,U1,Fine,Alder,3,159,2.29,0,0,0,0,0,0,0,0,0,0,0,0,0,0,0,0,0,0,0
2014,Muri ,U1,Fine,Alder,4,160,2.7,0,0,0,0,0,0,0,0,0,0,0,0,0,0,0,0,0,0,0
2014,Muri ,U1,Fine,Alder,5,161,2.55,0,0,0,0,0,0,0,0,0,0,0,0,0,0,0,0,0,0,0
2014,Muri ,U1,Fine,Alder,6,162,NA,0,0,0,0,0,0,0,0,0,0,0,0,0,0,0,0,0,0,0
2014,Muri ,U1,Coarse,Alder,1,163,2.36,0,0,0,0,0,0,0,0,0,0,0,0,0,0,0,0,0,0,0
2014,Muri ,U1,Coarse,Alder,2,164,2.68,0,0,0,0,0,0,0,0,0,0,0,0,0,0,0,0,0,0,0
2014,Muri ,U1,Coarse,Alder,3,165,2.58,0,0,0,0,0,0,0,0,0,0,0,0,0,0,0,0,0,0,0
2014,Muri ,U1,Coarse,Alder,4,166,2.37,0,0,0,0,0,0,0,0,0,0,0,0,0,0,0,0,0,0,0
2014,Muri ,U1,Coarse,Alder,5,167,2.4,0,0,0,0,0,0,0,0,0,0,0,0,0,0,0,0,0,0,0
2014,Muri ,U1,Coarse,Alder,6,168,2.39,0,0,0,0,0,0,0,0,0,0,0,0,0,0,0,0,0,0,0
2014,Muri ,D,Fine,Alder,1,169,2.37,0,0,0,0,0,0,0,0,0,0,0,0,0,0,0,0,0,0,0
2014,Muri ,D,Fine,Alder,2,170,NA,0,0,0,0,0,0,0,0,0,0,0,0,0,0,0,0,0,0,0
2014,Muri ,D,Fine,Alder,3,171,2.39,0,0,0,0,0,0,0,0,0,0,0,0,0,0,0,0,0,0,0
2014,Muri ,D,Fine,Alder,4,172,2.47,0,0,0,0,0,0,0,0,0,0,0,0,0,0,0,0,0,0,0
2014,Muri ,D,Fine,Alder,5,173,NA,0,0,0,0,0,0,0,0,0,0,0,0,0,0,0,0,0,0,0
2014,Muri ,D,Fine,Alder,6,174,NA,0,0,0,0,0,0,0,0,0,0,0,0,0,0,0,0,0,0,0
2014,Muri ,D,Fine,Alder,1,175,NA,0,0,0,0,0,0,0,0,0,0,0,0,0,0,0,0,0,0,0
2014,Muri ,D,Coarse,Alder,2,176,2.19,0,0,0,0,0,0,0,0,0,0,0,0,0,0,0,0,0,0,0
2014,Muri ,D,Coarse,Alder,3,177,2.26,0,0,0,0,0,0,0,0,0,0,0,0,0,0,0,0,0,0,0
2014,Muri ,D,Coarse,Alder,4,178,2.28,0,0,0,0,0,0,0,0,0,0,0,0,0,0,0,0,0,0,0
2014,Muri ,D,Coarse,Alder,5,179,2.2,0,0,0,0,0,0,0,0,0,0,0,0,0,0,0,0,0,0,0
2014,Muri ,D,Coarse,Alder,6,180,NA,0,0,0,0,0,0,0,0,0,0,0,0,0,0,0,0,0,0,0
2014,Reinach ,U2,Fine,Alder,1,181,NA,0,0,0,0,0,0,0,0,0,0,0,0,0,0,0,0,0,0,0
2014,Reinach ,U2,Fine,Alder,2,182,2.56,0,0,0,0,0,0,0,0,0,0,0,0,0,0,0,0,0,0,0
2014,Reinach ,U2,Fine,Alder,3,183,2.56,0,0,0,0,0,0,0,0,0,0,0,0,0,0,0,0,0,0,0
2014,Reinach ,U2,Fine,Alder,4,184,3.55,0,0,0,0,0,0,0,0,0,0,0,0,0,0,0,0,0,0,0
2014,Reinach ,U2,Fine,Alder,5,185,2.41,0,0,0,0,0,0,0,0,0,0,0,0,0,0,0,0,0,0,0
2014,Reinach ,U2,Fine,Alder,6,186,NA,0,0,0,0,0,0,0,0,0,0,0,0,0,0,0,0,0,0,0
2014,Reinach ,U2,Coarse,Alder,1,187,2.21,0,0,0,0,0,0,0,0,0,0,0,0,0,0,0,0,0,0,0
2014,Reinach ,U2,Coarse,Alder,2,188,2.12,0,0,0,0,0,0,0,0,0,0,0,0,0,0,0,0,0,0,0
2014,Reinach ,U2,Coarse,Alder,3,189,2.19,0,0,0,0,0,0,0,0,0,0,0,0,0,0,0,0,0,0,0
2014,Reinach ,U2,Coarse,Alder,4,190,2.24,0,0,0,0,0,0,0,0,0,0,0,0,0,0,0,0,0,0,0
2014,Reinach ,U2,Coarse,Alder,5,191,2.24,0,0,0,0,0,0,0,0,0,0,0,0,0,0,0,0,0,0,0
2014,Reinach ,U2,Coarse,Alder,6,192,2.27,0,0,0,0,0,0,0,0,0,0,0,0,0,0,0,0,0,0,0
2014,Reinach ,U2,Fine,Alder,1,193,NA,0,0,0,0,0,0,0,0,0,0,0,0,0,0,0,0,0,0,0
2014,Reinach ,U1,Fine,Alder,2,194,2.3,0,0,0,0,0,0,0,0,0,0,0,0,0,0,0,0,0,0,0
2014,Reinach ,U1,Fine,Alder,3,195,2.47,0,0,0,0,0,0,0,0,0,0,0,0,0,0,0,0,0,0,0
2014,Reinach ,U1,Fine,Alder,4,196,2.47,0,0,0,0,0,0,0,0,0,0,0,0,0,0,0,0,0,0,0
2014,Reinach ,U1,Fine,Alder,5,197,NA,0,0,0,0,0,0,0,0,0,0,0,0,0,0,0,0,0,0,0
2014,Reinach ,U1,Fine,Alder,6,198,NA,0,0,0,0,0,0,0,0,0,0,0,0,0,0,0,0,0,0,0
2014,Reinach ,U1,Coarse,Alder,1,199,2.16,0,0,0,0,0,0,0,0,0,0,0,0,0,0,0,0,0,0,0
2014,Reinach ,U1,Coarse,Alder,2,200,2.25,0,0,0,0,0,0,0,0,0,0,0,0,0,0,0,0,0,0,0
2014,Reinach ,U1,Coarse,Alder,3,201,2.6,0,0,0,0,0,0,0,0,0,0,0,0,0,0,0,0,0,0,0
2014,Reinach ,U1,Coarse,Alder,4,202,2.31,0,0,0,0,0,0,0,0,0,0,0,0,0,0,0,0,0,0,0
2014,Reinach ,U1,Coarse,Alder,5,203,2.36,0,0,0,0,0,0,0,0,0,0,0,0,0,0,0,0,0,0,0
2014,Reinach ,U1,Coarse,Alder,6,204,2.26,0,0,0,0,0,0,0,0,0,0,0,0,0,0,0,0,0,0,0
2014,Reinach ,U1,Fine,Alder,1,205,NA,0,0,0,0,0,0,0,0,0,0,0,0,0,0,0,0,0,0,0
2014,Reinach ,U1,Fine,Alder,2,206,NA,0,0,0,0,0,0,0,0,0,0,0,0,0,0,0,0,0,0,0
2014,Reinach ,U1,Fine,Alder,3,207,NA,0,0,0,0,0,0,0,0,0,0,0,0,0,0,0,0,0,0,0
2014,Reinach ,U1,Fine,Alder,4,208,NA,0,0,0,0,0,0,0,0,0,0,0,0,0,0,0,0,0,0,0
2014,Reinach ,D,Fine,Alder,5,209,NA,0,0,0,0,0,0,0,0,0,0,0,0,0,0,0,0,0,0,0
2014,Reinach ,D,Fine,Alder,6,210,2.57,0,0,0,0,0,0,0,0,0,0,0,0,0,0,0,0,0,0,0
2014,Reinach ,D,Coarse,Alder,1,211,2.23,0,0,0,0,0,0,0,0,0,0,0,0,0,0,0,0,0,0,0
2014,Reinach ,D,Coarse,Alder,2,212,2.23,0,0,0,0,0,0,0,0,0,0,0,0,0,0,0,0,0,0,0
2014,Reinach ,D,Coarse,Alder,3,213,2.25,0,0,0,0,0,0,0,0,0,0,0,0,0,0,0,0,0,0,0
2014,Reinach ,D,Coarse,Alder,4,214,2.15,0,0,0,0,0,0,0,0,0,0,0,0,0,0,0,0,0,0,0
2014,Reinach ,D,Coarse,Alder,5,215,2.47,0,0,0,0,0,0,0,0,0,0,0,0,0,0,0,0,0,0,0
2014,Reinach ,D,Coarse,Alder,6,216,2.44,0,0,0,0,0,0,0,0,0,0,0,0,0,0,0,0,0,0,0
2014,ValdeRuz,U2,Fine,Alder,1,217,2.76,0,0,0,0,0,0,0,0,0,0,0,0,0,0,0,0,0,0,0
2014,ValdeRuz,U2,Fine,Alder,2,218,3.03,0,0,0,0,0,0,0,0,0,0,0,0,0,0,0,0,0,0,0
2014,ValdeRuz,U2,Fine,Alder,3,219,2.74,0,0,0,0,0,0,0,0,0,0,0,0,0,0,0,0,0,0,0
2014,ValdeRuz,U2,Fine,Alder,4,220,2.45,0,0,0,0,0,0,0,0,0,0,0,0,0,0,0,0,0,0,0
2014,ValdeRuz,U2,Fine,Alder,5,221,NA,0,0,0,0,0,0,0,0,0,0,0,0,0,0,0,0,0,0,0
2014,ValdeRuz,U2,Fine,Alder,6,222,NA,0,0,0,0,0,0,0,0,0,0,0,0,0,0,0,0,0,0,0
2014,ValdeRuz,U2,Coarse,Alder,1,223,0.92,0,0,0,0,0,0,0,0,0,0,0,0,0,0,0,0,0,0,0
2014,ValdeRuz,U2,Coarse,Alder,2,224,1.24,0,0,0,0,0,0,0,0,0,0,0,0,0,1,3,0,0,0,0
2014,ValdeRuz,U2,Coarse,Alder,3,225,0.43,0,0,0,0,0,0,0,0,1,0,0,0,0,0,0,0,0,0,0
2014,ValdeRuz,U2,Coarse,Alder,4,226,1.17,0,0,0,0,0,0,0,0,0,0,0,0,0,0,0,0,0,0,0
2014,ValdeRuz,U2,Coarse,Alder,5,227,2.03,0,2,1,0,0,0,0,0,0,0,0,0,0,0,0,0,0,0,0
2014,ValdeRuz,U2,Coarse,Alder,6,228,1.48,0,0,0,0,0,0,0,0,0,0,0,0,0,0,0,0,0,0,0
2014,ValdeRuz,U1,Fine,Alder,1,229,2.49,0,0,0,0,0,0,0,0,0,0,0,0,0,0,0,0,0,0,0
2014,ValdeRuz,U1,Fine,Alder,2,230,2.75,0,0,0,0,0,0,0,0,0,0,0,0,0,0,0,0,0,0,0
2014,ValdeRuz,U1,Fine,Alder,3,231,2.59,0,0,0,0,0,0,0,0,0,0,0,0,0,0,0,0,0,0,0
2014,ValdeRuz,U1,Fine,Alder,4,232,2.61,0,0,0,0,0,0,0,0,0,0,0,0,0,0,0,0,0,0,0
2014,ValdeRuz,U1,Fine,Alder,5,233,2.63,0,0,0,0,0,0,0,0,0,0,0,0,0,0,0,0,0,0,0
2014,ValdeRuz,U1,Fine,Alder,6,234,2.8,0,0,0,0,0,0,0,0,0,0,0,0,0,0,0,0,0,0,0
2014,ValdeRuz,U1,Coarse,Alder,1,235,1.06,6,0,0,0,0,0,0,0,0,0,0,0,0,0,0,0,0,0,0
2014,ValdeRuz,U1,Coarse,Alder,2,236,1.11,6,0,0,0,0,0,0,0,0,0,0,0,0,0,0,0,0,0,0
2014,ValdeRuz,U1,Coarse,Alder,3,237,1.29,0,0,0,0,0,0,0,0,0,0,0,0,0,0,0,0,0,0,0
2014,ValdeRuz,U1,Coarse,Alder,4,238,1.2,3,0,0,0,0,0,0,0,0,0,0,0,0,1,1,0,0,0,0
2014,ValdeRuz,U1,Coarse,Alder,5,239,0.84,6,0,0,0,0,0,0,0,0,0,0,0,0,0,0,0,0,0,0
2014,ValdeRuz,U1,Coarse,Alder,6,240,1.08,5,0,0,0,0,0,0,0,0,0,0,0,0,0,0,0,0,0,0
2014,ValdeRuz,D,Fine,Alder,1,241,2.69,0,0,0,0,0,0,0,0,0,0,0,0,0,0,0,0,0,0,0
2014,ValdeRuz,D,Fine,Alder,2,242,2.62,0,0,0,0,0,0,0,0,0,0,0,0,0,0,0,0,0,0,0
2014,ValdeRuz,D,Fine,Alder,3,243,NA,0,0,0,0,0,0,0,0,0,0,0,0,0,0,0,0,0,0,0
2014,ValdeRuz,D,Fine,Alder,4,244,2.47,0,0,0,0,0,0,0,0,0,0,0,0,0,0,0,0,0,0,0
2014,ValdeRuz,D,Fine,Alder,5,245,2.7,0,0,0,0,0,0,0,0,0,0,0,0,0,0,0,0,0,0,0
2014,ValdeRuz,D,Fine,Alder,6,246,2.66,0,0,0,0,0,0,0,0,0,0,0,0,0,0,0,0,0,0,0
2014,ValdeRuz,D,Coarse,Alder,1,247,1.91,2,3,0,0,0,0,0,2,0,0,0,0,0,0,0,0,4,0,0
2014,ValdeRuz,D,Coarse,Alder,2,248,1.96,3,3,1,0,0,0,0,2,0,0,0,0,0,0,0,0,3,0,0
2014,ValdeRuz,D,Coarse,Alder,3,249,2.25,0,0,0,0,0,0,0,5,0,0,0,0,0,0,0,0,0,0,0
2014,ValdeRuz,D,Coarse,Alder,4,250,2.36,7,0,0,0,0,1,0,0,0,0,0,0,0,0,0,0,0,0,0
2014,ValdeRuz,D,Coarse,Alder,5,251,1.86,3,1,1,0,0,1,0,7,0,0,0,0,0,0,3,1,3,0,0
2014,ValdeRuz,D,Coarse,Alder,6,252,2.23,0,0,0,0,0,0,0,0,0,0,0,0,0,0,0,0,0,0,0
2014,Villeret ,U2,Fine,Alder,1,253,2.67,0,0,0,0,0,0,0,0,0,0,0,0,0,0,0,0,0,0,0
2014,Villeret ,U2,Fine,Alder,2,254,2.92,0,0,0,0,0,0,0,0,0,0,0,0,0,0,0,0,0,0,0
2014,Villeret ,U2,Fine,Alder,3,255,NA,0,0,0,0,0,0,0,0,0,0,0,0,0,0,0,0,0,0,0
2014,Villeret ,U2,Fine,Alder,4,256,NA,0,0,0,0,0,0,0,0,0,0,0,0,0,0,0,0,0,0,0
2014,Villeret ,U2,Fine,Alder,5,257,2.81,0,0,0,0,0,0,0,0,0,0,0,0,0,0,0,0,0,0,0
2014,Villeret ,U2,Fine,Alder,6,258,NA,0,0,0,0,0,0,0,0,0,0,0,0,0,0,0,0,0,0,0
2014,Villeret ,U2,Coarse,Alder,1,259,1.97,9,1,0,0,0,0,0,0,0,0,0,0,0,0,0,0,0,0,0
2014,Villeret ,U2,Coarse,Alder,2,260,2.44,6,0,0,0,0,0,0,0,0,0,0,0,0,0,0,0,0,0,0
2014,Villeret ,U2,Coarse,Alder,3,261,2.25,7,0,1,0,0,0,0,0,0,0,0,0,0,0,0,0,0,0,0
2014,Villeret ,U2,Coarse,Alder,4,262,2.01,3,0,0,0,0,0,0,0,0,0,0,0,0,0,0,0,0,0,0
2014,Villeret ,U2,Coarse,Alder,5,263,2.34,0,0,0,0,0,0,0,0,0,0,0,0,0,0,0,0,0,0,0
2014,Villeret ,U2,Coarse,Alder,6,264,2.41,0,0,0,0,0,0,0,0,0,0,0,0,0,0,0,0,0,0,0
2014,Villeret ,U1,Fine,Alder,1,265,2.87,0,0,0,0,0,0,0,0,0,0,0,0,0,0,0,0,0,0,0
2014,Villeret ,U1,Fine,Alder,2,266,2.92,0,0,0,0,0,0,0,0,0,0,0,0,0,0,0,0,0,0,0
2014,Villeret ,U1,Fine,Alder,3,267,2.76,0,0,0,0,0,0,0,0,0,0,0,0,0,0,0,0,0,0,0
2014,Villeret ,U1,Fine,Alder,4,268,2.54,0,0,0,0,0,0,0,0,0,0,0,0,0,0,0,0,0,0,0
2014,Villeret ,U1,Fine,Alder,5,269,2.73,0,0,0,0,0,0,0,0,0,0,0,0,0,0,0,0,0,0,0
2014,Villeret ,U1,Fine,Alder,6,270,2.78,0,0,0,0,0,0,0,0,0,0,0,0,0,0,0,0,0,0,0
2014,Villeret ,U1,Coarse,Alder,1,271,1.92,11,0,0,0,0,0,0,0,0,0,0,0,0,0,0,0,0,0,0
2014,Villeret ,U1,Coarse,Alder,2,272,1.57,10,0,0,1,0,0,0,0,0,0,0,0,0,0,0,0,0,0,0
2014,Villeret ,U1,Coarse,Alder,3,273,0.76,13,0,0,0,0,0,0,0,0,0,0,0,0,0,0,0,0,0,0
2014,Villeret ,U1,Coarse,Alder,4,274,0.87,15,0,0,0,0,0,0,0,0,0,0,0,0,0,0,0,0,0,0
2014,Villeret ,U1,Coarse,Alder,5,275,1,12,0,0,0,0,0,0,0,0,0,0,0,0,0,0,0,0,0,0
2014,Villeret ,U1,Coarse,Alder,6,276,1.26,12,0,0,0,0,0,0,0,0,0,0,0,0,0,0,0,0,0,0
2014,Villeret ,U1,Coarse,Alder,1,277,NA,0,0,0,0,0,0,0,0,0,0,0,0,0,0,0,0,0,0,0
2014,Villeret ,D,Fine,Alder,2,278,2.62,0,0,0,0,0,0,0,0,0,0,0,0,0,0,0,0,0,0,0
2014,Villeret ,D,Fine,Alder,3,279,NA,0,0,0,0,0,0,0,0,0,0,0,0,0,0,0,0,0,0,0
2014,Villeret ,D,Fine,Alder,4,280,2.89,0,0,0,0,0,0,0,0,0,0,0,0,0,0,0,0,0,0,0
2014,Villeret ,D,Fine,Alder,5,281,NA,0,0,0,0,0,0,0,0,0,0,0,0,0,0,0,0,0,0,0
2014,Villeret ,D,Fine,Alder,6,282,NA,0,0,0,0,0,0,0,0,0,0,0,0,0,0,0,0,0,0,0
2014,Villeret ,D,Coarse,Alder,1,283,2.15,0,0,0,0,0,0,0,0,0,0,0,0,0,0,0,0,0,0,0
2014,Villeret ,D,Coarse,Alder,2,284,2.14,0,0,0,0,0,0,0,0,0,0,0,0,0,0,0,0,0,0,0
2014,Villeret ,D,Coarse,Alder,3,285,1.95,0,0,0,0,0,0,0,0,0,0,0,0,0,0,0,0,0,0,0
2014,Villeret ,D,Coarse,Alder,4,286,1.44,0,0,0,0,0,0,0,0,0,0,0,0,0,0,0,0,0,0,0
2014,Villeret ,D,Coarse,Alder,5,287,2.15,0,0,0,0,0,0,0,0,0,0,0,0,0,0,0,0,0,0,0
2014,Villeret ,D,Coarse,Alder,6,288,1.85,0,0,0,0,0,0,0,0,0,0,0,0,0,0,0,0,0,0,0
2013,Buttisholz,D,Fine,Alder,1,1,2.06,0,0,0,0,0,80.00000001,0,0,0,0,0,0,0,0,0,0,0,0,0
2013,Buttisholz,D,Fine,Alder,2,2,2.38,0,0,0,0,0,0,0,0,0,0,0,0,0,0,0,0,0,0,0
2013,Buttisholz,D,Fine,Alder,3,3,2.32,0,0,0,0,0,0,0,0,0,0,0,0,0,0,0,0,0,0,0
2013,Buttisholz,D,Fine,Alder,4,4,2.23,0,0,0,0,0,0,0,0,0,0,0,0,0,0,0,0,0,0,0
2013,Buttisholz,D,Fine,Alder,5,5,2.19,0,0,0,0,0,0,0,0,0,0,0,0,0,0,0,0,0,0,0
2013,Buttisholz,D,Fine,Alder,6,6,2.12,0,0,0,0,0,0,0,0,0,0,0,0,0,0,0,0,0,0,0
2013,Buttisholz,D,Fine,Oak,1,7,2.84,0,1,0,0,0,49.99999999,0,0,0,0,0,0,0,0,0,0,0,0,0
2013,Buttisholz,D,Fine,Oak,2,8,3.02,0,0,0,0,0,0,0,0,0,0,0,0,0,0,0,0,0,0,0
2013,Buttisholz,D,Fine,Oak,3,9,2.87,0,0,0,0,0,0,0,0,0,0,0,0,0,0,0,0,0,0,0
2013,Buttisholz,D,Fine,Oak,4,10,2.92,0,0,0,0,0,0,0,0,0,0,0,0,0,0,0,0,0,0,0
2013,Buttisholz,D,Fine,Oak,5,11,2.67,0,0,0,0,0,0,0,0,0,0,0,0,0,0,0,0,0,0,0
2013,Buttisholz,D,Fine,Oak,6,12,2.74,0,0,0,0,0,0,0,0,0,0,0,0,0,0,0,0,0,0,0
2013,Buttisholz,D,Coarse,Alder,1,13,0.97,11,0,0,1,1,0,0,1,0,0,0,0,0,0,3,0,0,0,0
2013,Buttisholz,D,Coarse,Alder,2,14,1.07,34,0,0,0,0,40,0,0,0,0,0,0,0,0,15,0,0,0,15
2013,Buttisholz,D,Coarse,Alder,3,15,1.45,27.00000001,4.000000001,0,0,0,10,0,0,0,0,0,0,0,0,7,0,0,0,7
2013,Buttisholz,D,Coarse,Alder,4,16,1.3,4,0,0,1.999999999,1,19.99999999,0,0,0,0,0,0,0,0,0,3,0,0,0
2013,Buttisholz,D,Coarse,Alder,5,17,0.86,3,2,0,0,0,0,0,0,0,0,0,0,0,0,0,0,0,0,0
2013,Buttisholz,D,Coarse,Alder,6,18,0.79,13,1,0,0,0,20,0,0,0,0,0,0,0,0,8.999999997,0,0,0,0
2013,Buttisholz,D,Coarse,Oak,1,19,2.71,11,0,0,2,0,0,0,0,0,0,0,0,0,1,1,0,0,0,0
2013,Buttisholz,D,Coarse,Oak,2,20,2.66,56,0,0,0,0,39.99999999,0,0,0,0,0,0,0,0,9.999999999,8,0,0,0
2013,Buttisholz,D,Coarse,Oak,3,21,2.82,13,0,0,1,0,4.999999999,0,0,0,0,0,0,0,4.999999999,5.999999999,0,0,0,0
2013,Buttisholz,D,Coarse,Oak,4,22,2.71,21,3,0,2,0,20,0,0,0,0,0,0,0,3,1,0,0,0,0
2013,Buttisholz,D,Coarse,Oak,5,23,2.71,80.99999999,0,0,0,0,30,0,0,0,0,0,0,0,9.999999999,5.999999999,0,0,0,0
2013,Buttisholz,D,Coarse,Oak,6,24,2.69,31,0,0,0,0,20,0,0,0,0,0,0,0,0,2.000000001,0,0,0,0
2013,Buttisholz,U1,Fine,Alder,1,25,2.46,0,0,0,0,0,0,0,0,0,0,0,0,0,0,0,0,0,0,0
2013,Buttisholz,U1,Fine,Alder,2,26,2.36,0,0,0,0,0,0,0,0,0,0,0,0,0,0,0,0,0,0,0
2013,Buttisholz,U1,Fine,Alder,3,27,2.29,0,0,0,0,0,0,0,0,0,0,0,0,0,0,0,0,0,0,0
2013,Buttisholz,U1,Fine,Alder,4,28,2.45,0,0,0,0,0,0,0,0,0,0,0,0,0,0,0,0,0,0,0
2013,Buttisholz,U1,Fine,Alder,5,29,2.19,0,0,0,0,0,0,0,0,0,0,0,0,0,0,0,0,0,0,0
2013,Buttisholz,U1,Fine,Alder,6,30,2.31,0,0,0,0,0,0,0,0,0,0,0,0,0,0,0,0,0,0,0
2013,Buttisholz,U1,Fine,Oak,1,31,2.96,0,0,0,0,0,0,0,0,0,0,0,0,0,0,0,0,0,0,0
2013,Buttisholz,U1,Fine,Oak,2,32,2.97,0,0,0,0,0,0,0,0,0,0,0,0,0,0,0,0,0,0,0
2013,Buttisholz,U1,Fine,Oak,3,33,2.83,0,0,0,0,0,0,0,0,0,0,0,0,0,0,0,0,0,0,0
2013,Buttisholz,U1,Fine,Oak,4,34,2.76,0,0,0,0,0,0,0,0,0,0,0,0,0,0,0,0,0,0,0
2013,Buttisholz,U1,Fine,Oak,5,35,2.97,0,0,0,0,0,0,0,0,0,0,0,0,0,0,0,0,0,0,0
2013,Buttisholz,U1,Fine,Oak,6,36,2.89,0,0,0,0,0,0,0,0,0,0,0,0,0,0,0,0,0,0,0
2013,Buttisholz,U1,Coarse,Alder,1,37,1.05,3,1,1,0,0,30,0,0,0,0,0,0,0,0,0,0,0,0,2
2013,Buttisholz,U1,Coarse,Alder,2,38,0.53,1,1,0,0,0,0,0,0,0,0,0,0,0,0,0,0,0,0,0
2013,Buttisholz,U1,Coarse,Alder,3,39,1.33,5,1.999999999,0,1.999999999,0,40,0,0,1.999999999,0,0,0,0,0,1.999999999,0,0,0,0
2013,Buttisholz,U1,Coarse,Alder,4,40,0.29,9,0,0,1,0,0,0,0,0,0,0,0,0,0,0,1,0,0,0
2013,Buttisholz,U1,Coarse,Alder,5,41,1.42,3,1,0,0,0,15,0,0,0,0,0,0,0,0,0,0,0,0,2
2013,Buttisholz,U1,Coarse,Alder,6,42,1.38,6,4.000000001,0,0,0,29.99999999,0,0,0,0,0,0,0,4.000000001,0,0,0,0,2.999999999
2013,Buttisholz,U1,Coarse,Oak,1,43,2.88,8.000000001,1.999999999,0,0.999999999,0,0,0,0,0,0,0,0,0,0,0,3.000000001,0,0,0
2013,Buttisholz,U1,Coarse,Oak,2,44,2.56,8,0,0,0,0,10,0,0,0,0,0,0,0,0,0,0,1,0,0
2013,Buttisholz,U1,Coarse,Oak,3,45,2.72,3.999999999,0,0,1,0,6,0,0,0,0,0,0,0,0,0,0,0,0,0
2013,Buttisholz,U1,Coarse,Oak,4,46,2.51,119,4,0,2,0,10,0,0,0,0,0,0,0,1.000000001,0,1.000000001,0,0,0
2013,Buttisholz,U1,Coarse,Oak,5,47,2.42,0.999999999,0,0.999999999,0.999999999,0,10,0,0,0,0,0,0,0,8.999999999,0,2.999999999,0,0,0
2013,Buttisholz,U1,Coarse,Oak,6,48,2.79,16,0,0,1,0,29.99999999,0,0,0,0,0,0,0,1,2,0,0,0,0
2013,Buttisholz,U2,Fine,Alder,1,49,2.22,0,0,0,0,0,0,0,0,0,0,0,0,0,0,0,0,0,0,0
2013,Buttisholz,U2,Fine,Alder,2,50,2.39,0,0,0,0,0,0,0,0,0,0,0,0,0,0,0,0,0,0,0
2013,Buttisholz,U2,Fine,Alder,3,51,2.55,0,0,0,0,0,0,0,0,0,0,0,0,0,0,0,0,0,0,0
2013,Buttisholz,U2,Fine,Alder,4,52,2.41,0,0,0,0,0,0,0,0,0,0,0,0,0,0,0,0,0,0,0
2013,Buttisholz,U2,Fine,Alder,5,53,2.41,0,0,0,0,0,0,0,0,0,0,0,0,0,0,0,0,0,0,0
2013,Buttisholz,U2,Fine,Alder,6,54,2.5,0,0,0,0,0,0,0,0,0,0,0,0,0,0,0,0,0,0,0
2013,Buttisholz,U2,Fine,Oak,1,55,2.98,0,0,0,0,0,0,0,0,0,0,0,0,0,0,0,0,0,0,0
2013,Buttisholz,U2,Fine,Oak,2,56,3.02,0,0,0,0,0,0,0,0,0,0,0,0,0,0,0,0,0,0,0
2013,Buttisholz,U2,Fine,Oak,3,57,3,0,0,0,0,0,0,0,0,0,0,0,0,0,0,0,0,0,0,0
2013,Buttisholz,U2,Fine,Oak,4,58,2.91,0,0,0,0,0,0,0,0,0,0,0,0,0,0,0,0,0,0,0
2013,Buttisholz,U2,Fine,Oak,5,59,2.87,0,0,0,0,0,0,0,0,0,0,0,0,0,0,0,0,0,0,0
2013,Buttisholz,U2,Fine,Oak,6,60,2.95,0,0,0,0,0,0,0,0,0,0,0,0,0,0,0,0,0,0,0
2013,Buttisholz,U2,Coarse,Alder,1,61,0.16,2,0,0,0,0,1,0,0,0,0,0,0,0,0,0,0,0,0,0
2013,Buttisholz,U2,Coarse,Alder,2,62,0.13,1,0,0,0,0,5,0,1,0,0,0,0,0,0,1,0,0,0,0
2013,Buttisholz,U2,Coarse,Alder,3,63,1.35,0,1,0,0,0,30,0,0,0,0,0,0,0,0,0,0,0,0,5.999999999
2013,Buttisholz,U2,Coarse,Alder,4,64,1.08,1,0,0,0,0,10,0,0,0,0,0,0,0,0,1,1,0,0,0
2013,Buttisholz,U2,Coarse,Alder,5,65,0.48,3,0,0,1,0,9.999999998,0,0,0,0,0,0,0,0,0,0,0,0,0
2013,Buttisholz,U2,Coarse,Alder,6,66,0.38,2,0,0,0,0,2,0,0,0,0,0,0,0,0,2,0,0,0,1
2013,Buttisholz,U2,Coarse,Oak,1,67,2.64,92,1.000000001,0,0,0,5,0,0,0,0,0,0,0,2.000000001,0,0,0,0,0
2013,Buttisholz,U2,Coarse,Oak,2,68,2.69,32,0,0,1,0,15,0,0,0,0,0,0,0,0,0,4.000000001,0,0,0
2013,Buttisholz,U2,Coarse,Oak,3,69,2.79,4.999999999,1,0,0,0,2,0,0,0,0,0,0,0,2,0,1,0,0,0
2013,Buttisholz,U2,Coarse,Oak,4,70,2.79,5.999999999,0,0,0,0,10,0,0,0,0,0,0,0,2.999999999,0,4.999999999,0,0,0
2013,Buttisholz,U2,Coarse,Oak,5,71,2.69,25,0,0,2.000000001,0,0,0,0,0,0,0,0,0,11,0,1,1,0,0
2013,Buttisholz,U2,Coarse,Oak,6,72,2.75,32.00000001,0,0,0,0,0,0,0,0,0,0,0,0,5,0,4.000000001,0,0,0
2013,Colombier,D,Fine,Alder,1,73,2.42,0,0,0,0,0,0,0,0,0,0,0,0,0,0,0,0,0,0,0
2013,Colombier,D,Fine,Alder,2,74,2.4,0,0,0,0,0,40.00000001,0,0,0,0,0,0,0,0,0,0,0,0,0
2013,Colombier,D,Fine,Alder,3,75,2.56,0,0,0,0,0,0,0,0,0,0,0,0,0,0,0,0,0,0,0
2013,Colombier,D,Fine,Alder,4,76,2.57,0,0,0,0,0,30,0,0,0,0,0,0,0,0,0,0,0,0,0
2013,Colombier,D,Fine,Alder,5,77,2.52,0,0,0,0,0,0,0,0,0,0,0,0,0,0,0,0,0,0,0
2013,Colombier,D,Fine,Alder,6,78,2.53,0,0,0,0,0,0,0,0,0,0,0,0,0,0,0,0,0,0,0
2013,Colombier,D,Fine,Oak,1,79,3.05,0,0,0,0,0,0,0,0,0,0,0,0,0,0,0,0,0,0,0
2013,Colombier,D,Fine,Oak,2,80,3.09,0,0,0,0,0,0,0,0,0,0,0,0,0,0,0,0,0,0,0
2013,Colombier,D,Fine,Oak,3,81,3.15,0,0,0,0,0,0,0,0,0,0,0,0,0,0,0,0,0,0,0
2013,Colombier,D,Fine,Oak,4,82,3.01,0,0,0,0,0,0,0,0,0,0,0,0,0,0,0,0,0,0,0
2013,Colombier,D,Fine,Oak,5,83,3.07,0,0,0,0,0,0,0,0,0,0,0,0,0,0,0,0,0,0,0
2013,Colombier,D,Fine,Oak,6,84,3.05,0,0,0,0,0,0,0,0,0,0,0,0,0,0,0,0,0,0,0
2013,Colombier,D,Coarse,Alder,1,85,2.39,1,1,0,0,0,50,0,0,0,0,0,0,0,0,0,0,0,0,0
2013,Colombier,D,Coarse,Alder,2,86,2.33,0.999999999,0.999999999,0,0,0,50.00000001,0,0,0,0,0,0,0,0,0,0,0,0,0
2013,Colombier,D,Coarse,Alder,3,87,1.33,31,1,0,0,0,50,0,0,0,0,0,0,0,0,0,0,0,0,0
2013,Colombier,D,Coarse,Alder,4,88,2.57,7.000000001,0,0,0,0,20,0,0,0,0,0,0,0,0,0,0,0,0,0
2013,Colombier,D,Coarse,Alder,5,89,2.09,55.99999999,2,0,0,0,0,0,0,0,0,0,0,0,0,0,0,1.000000001,0,0
2013,Colombier,D,Coarse,Alder,6,90,1.99,11,0,0,0,0,100,0,0,0,0,0,0,0,0,0,0,0,0,0
2013,Colombier,D,Coarse,Oak,1,91,3.1,24,0,0,0,0,100,0,0,0,0,0,0,0,0,0,0,0,0,0
2013,Colombier,D,Coarse,Oak,2,92,2.98,1.000000001,0,0,0,0,39.99999999,0,0,0,0,0,0,0,0,0,0,0,0,0
2013,Colombier,D,Coarse,Oak,3,93,2.99,44.99999999,0,0,0,0,25,0,0,0,0,0,0,0,0,0,0,0,0,0
2013,Colombier,D,Coarse,Oak,4,94,3.27,5.999999999,0,0,0,0,100,0,0,0,0,0,0,0,0,0,0,0,0,0
2013,Colombier,D,Coarse,Oak,5,95,3.01,44.99999999,0,0,0,0,39.99999999,0,0,0,0,0,0,0,0,0,0,0,0,0
2013,Colombier,D,Coarse,Oak,6,96,3.28,6.000000001,0,0,0,0,100,0,0,0,0,0,0,0,0,0,0,0,0,0
2013,Colombier,U1,Fine,Alder,1,97,2.39,0,0,0,0,0,0,0,0,0,0,0,0,0,0,0,0,0,0,0
2013,Colombier,U1,Fine,Alder,2,98,2.44,0,0,0,0,0,0,0,0,0,0,0,0,0,0,0,0,0,0,0
2013,Colombier,U1,Fine,Alder,3,99,2.31,0,0,0,0,0,0,0,0,0,0,0,0,0,0,0,0,0,0,0
2013,Colombier,U1,Fine,Alder,4,100,2.59,0,0,0,0,0,29.99999999,0,0,0,0,0,0,0,0,0,0,0,0,0
2013,Colombier,U1,Fine,Alder,5,101,2.5,0,0,0,0,0,0,0,0,0,0,0,0,0,0,0,0,0,0,0
2013,Colombier,U1,Fine,Alder,6,102,2.46,0,0,0,0,0,0,0,0,0,0,0,0,0,0,0,0,0,0,0
2013,Colombier,U1,Fine,Oak,1,103,2.99,0,0,0,0,0,0,0,0,0,0,0,0,0,0,0,0,0,0,0
2013,Colombier,U1,Fine,Oak,2,104,NA,0,0,0,0,0,0,0,0,0,0,0,0,0,0,0,0,0,0,0
2013,Colombier,U1,Fine,Oak,3,105,3.12,5,3.000000001,0,0,0,0,0,0,0,0,0,0,0,0,0,0,0,0,0
2013,Colombier,U1,Fine,Oak,4,106,2.96,0,0,0,0,0,0,0,0,0,0,0,0,0,0,0,0,0,0,0
2013,Colombier,U1,Fine,Oak,5,107,2.97,0,0,0,0,0,0,0,0,0,0,0,0,0,0,0,0,0,0,0
2013,Colombier,U1,Fine,Oak,6,108,2.98,0,0,0,0,0,0,0,0,0,0,0,0,0,0,0,0,0,0,0
2013,Colombier,U1,Coarse,Alder,1,109,1.96,31,0,0,0,0,19.99999999,0,0,0,0,0,0,0,0,0,0,0,0,0
2013,Colombier,U1,Coarse,Alder,2,110,2.31,1,2,0,0,1,20,0,0,0,0,0,0,0,0,0,0,0,0,5.000000001
2013,Colombier,U1,Coarse,Alder,3,111,2.08,0,1,0,0,0,50,0,0,0,0,0,0,0,0,0,0,0,0,0
2013,Colombier,U1,Coarse,Alder,4,112,2.25,3,0,0,4.000000001,0,99.99999999,0,0,0,0,0,0,0,0,0,0,0,0,0
2013,Colombier,U1,Coarse,Alder,5,113,2.12,0,0,0,0,0,0,0,0,0,0,0,0,0,0,0,0,0,0,0
2013,Colombier,U1,Coarse,Alder,6,114,1.4,8,3,0,0,0,40,0,0,0,0,0,0,0,0,0,0,0,0,2.000000001
2013,Colombier,U1,Coarse,Oak,1,115,2.49,35,0,0,0,0,100,50.00000001,0,0,0,0,0,0,0,0,0,0,0,0
2013,Colombier,U1,Coarse,Oak,2,116,2.81,25,0,0,0,0,20,0,0,0,0,0,0,0,0,0,1,0,0,0
2013,Colombier,U1,Coarse,Oak,3,117,2.91,0,0,0,0,0,100,0,0,0,0,0,0,0,0,0,0,0,0,0
2013,Colombier,U1,Coarse,Oak,4,118,2.92,2,2.999999999,0,5,0,99.99999999,0,0,0,0,0,0,0,0,0,0,0,0,0
2013,Colombier,U1,Coarse,Oak,5,119,2.95,3,0,0,0,0,20,0,0,0,0,0,0,0,0,0,0,0,0,0
2013,Colombier,U1,Coarse,Oak,6,120,2.82,36,1,1,0,0,80.00000001,0,0,0,0,0,0,0,0,3.999999999,0,0,0,0
2013,Colombier,U2,Fine,Alder,1,121,2.62,0,0,0,0,0,0,0,0,0,0,0,0,0,0,0,0,0,0,0
2013,Colombier,U2,Fine,Alder,2,122,2.5,0,0,0,0,0,0,0,0,0,0,0,0,0,0,0,0,0,0,0
2013,Colombier,U2,Fine,Alder,3,123,2.44,0,0,0,0,0,0,0,0,0,0,0,0,0,0,0,0,0,0,0
2013,Colombier,U2,Fine,Alder,4,124,3.15,0,0,0,0,0,0,0,0,0,0,0,0,0,0,0,0,0,0,0
2013,Colombier,U2,Fine,Alder,5,125,2.49,0,0,0,0,0,0,0,0,0,0,0,0,0,0,0,0,0,0,0
2013,Colombier,U2,Fine,Alder,6,126,2.51,0,0,0,0,0,0,0,0,0,0,0,0,0,0,0,0,0,0,0
2013,Colombier,U2,Fine,Oak,1,127,2.99,0,0,0,0,0,0,0,0,0,0,0,0,0,0,0,0,0,0,0
2013,Colombier,U2,Fine,Oak,2,128,2.89,0,0,0,0,0,0,0,0,0,0,0,0,0,0,0,0,0,0,0
2013,Colombier,U2,Fine,Oak,3,129,2.82,0,0,0,0,0,0,0,0,0,0,0,0,0,0,0,0,0,0,0
2013,Colombier,U2,Fine,Oak,4,130,3,0,0,0,0,0,0,0,0,0,0,0,0,0,0,0,0,0,0,0
2013,Colombier,U2,Fine,Oak,5,131,2.93,0,0,0,0,0,0,0,0,0,0,0,0,0,0,0,0,0,0,0
2013,Colombier,U2,Fine,Oak,6,132,2.89,0,0,0,0,0,0,0,0,0,0,0,0,0,0,0,0,0,0,0
2013,Colombier,U2,Coarse,Alder,1,133,1.36,8,4.000000001,0,0,0,25,0,0,0,0,0,0,0,0,0,0,0,0,0
2013,Colombier,U2,Coarse,Alder,2,134,2.22,5,0,0,0,0.999999999,74.99999999,0,0,0,0,0,0,0,0,0,0,0,0,0
2013,Colombier,U2,Coarse,Alder,3,135,2.29,3,3,0,0,0,59.99999999,0,0,0,0,0,0,0,0,0,0,0,0,1.999999999
2013,Colombier,U2,Coarse,Alder,4,136,1.87,8,0.999999999,0,0,0,30,0,0,0,0,0,0,0,0,0,0,0,0,2.000000001
2013,Colombier,U2,Coarse,Alder,5,137,1.24,7,7,0,0,0,30,0,0,0,0,0,0,0,0,0,0,0,0,0
2013,Colombier,U2,Coarse,Alder,6,138,1.39,0,0,0,0,0,10,0,0,0,0,0,0,0,0,0,0,0,0,0
2013,Colombier,U2,Coarse,Oak,1,139,2.93,4,0.999999999,0,0,0,20,0,0,0,0,0,0.999999999,0,0,0,0,0,0,0
2013,Colombier,U2,Coarse,Oak,2,140,2.94,5,0.999999999,0,0,0,40.00000001,0,0,0,0,0,0,0,0,4.000000001,0,0,0,0
2013,Colombier,U2,Coarse,Oak,3,141,2.92,6,2.999999999,0,0,0,75.00000001,0,0,0.999999999,2,0,0,0,0,0,0,0,0,0
2013,Colombier,U2,Coarse,Oak,4,142,2.98,4,0,0,0,0,20,0,0,0,0,0,0,0,0,0,0,0,0,0
2013,Colombier,U2,Coarse,Oak,5,143,2.84,1,1,0,0,0,10,0,0,0,0,0,0,0,0,0,1,0,0,0
2013,Colombier,U2,Coarse,Oak,6,144,2.72,1,0,0,0,0,0,0,0,0,0,0,0,0,0,0,0,0,0,0
2013,Durnten,D,Fine,Alder,1,145,2.11,0,0,0,0,0,0,0,0,0,0,0,0,0,0,0,0,0,0,0
2013,Durnten,D,Fine,Alder,2,146,2.23,0,0,0,0,0,0,0,0,0,0,0,0,0,0,0,0,0,0,0
2013,Durnten,D,Fine,Alder,3,147,1.82,0,0,0,0,0,0,0,0,0,0,0,0,0,0,0,0,0,0,0
2013,Durnten,D,Fine,Alder,4,148,2.15,0,0,0,0,0,0,0,0,0,0,0,0,0,0,0,0,0,0,0
2013,Durnten,D,Fine,Alder,5,149,2.08,0,0,0,0,0,0,0,0,0,0,0,0,0,0,0,0,0,0,0
2013,Durnten,D,Fine,Alder,6,150,2.11,0,0,0,0,0,0,0,0,0,0,0,0,0,0,0,0,0,0,0
2013,Durnten,D,Fine,Oak,1,151,3.04,0,0,0,0,0,0,0,0,0,0,0,0,0,0,0,0,0,0,0
2013,Durnten,D,Fine,Oak,2,152,3.01,0,0,0,0,0,0,0,0,0,0,0,0,0,0,0,0,0,0,0
2013,Durnten,D,Fine,Oak,3,153,2.85,0,0,0,0,0,0,0,0,0,0,0,0,0,0,0,0,0,0,0
2013,Durnten,D,Fine,Oak,4,154,2.89,0,0,0,0,0,0,0,0,0,0,0,0,0,0,0,0,0,0,0
2013,Durnten,D,Fine,Oak,5,155,2.88,0,0,0,0,0,0,0,0,0,0,0,0,0,0,0,0,0,0,0
2013,Durnten,D,Fine,Oak,6,156,2.82,0,0,0,0,0,0,0,0,0,0,0,0,0,0,0,0,0,0,0
2013,Durnten,D,Coarse,Alder,1,157,1.96,0,0,0,0,0,0,0,0,0,0,0,0,0,0,0,0,0,0,0
2013,Durnten,D,Coarse,Alder,2,158,1.95,1,0,2.000000001,2.000000001,0,15,0,3.999999999,0,0,0,0,0,0,0,0,0,0,0
2013,Durnten,D,Coarse,Alder,3,159,1.6,1,2,1,3,0,100,0,0,0,0,0,0,0,0,0,0,0,0,0
2013,Durnten,D,Coarse,Alder,4,160,2.01,0,4,0,0,0,6,0,0,0,0,0,0,0,0,0,5,0,0,0
2013,Durnten,D,Coarse,Alder,5,161,2.05,0,3,0,0,0,99.99999999,0,0,0,0,0,0,0,0,0,0,0,0,0
2013,Durnten,D,Coarse,Alder,6,162,2.01,0,4,2.000000001,0,0,40,0,0,0,0,0,0,0,0,10,0,0,0,0
2013,Durnten,D,Coarse,Oak,1,163,2.88,0,0,0,0,0,0,0,0,0,0,0,0,0,0,0,0,0,0,0
2013,Durnten,D,Coarse,Oak,2,164,2.66,1,1.999999999,0,1.000000001,0,99.99999999,0,0,0,0,0,0,0,0,0,0,0,0,0
2013,Durnten,D,Coarse,Oak,3,165,2.87,3,0,5.999999999,1.999999999,0,15,0,5.000000001,0,0,0,0,0,0,0,0,0,0,0
2013,Durnten,D,Coarse,Oak,4,166,2.81,2,1.999999999,0,0,0,5.000000001,0,0,0,0,0,0,0,0,0,0,0,0,0
2013,Durnten,D,Coarse,Oak,5,167,2.9,0,1.999999999,0,1.999999999,0,1.999999999,0,0,0,0,0,0,0,0,0,0,0,0,0
2013,Durnten,D,Coarse,Oak,6,168,2.9,0,1.999999999,0,3.000000001,0,50,0,0.999999999,0,0,0,0,0,0,0.999999999,0,0,0,0
2013,Durnten,U1,Fine,Alder,1,169,2.26,0,0,0,0,0,0,0,0,0,0,0,0,0,0,0,0,0,0,0
2013,Durnten,U1,Fine,Alder,2,170,2.28,0,0,0,0,0,0,0,0,0,0,0,0,0,0,0,0,0,0,0
2013,Durnten,U1,Fine,Alder,3,171,2.19,0,0,0,0,0,30.00000001,0,0,0,0,0,0,0,0,0,0,0,0,0
2013,Durnten,U1,Fine,Alder,4,172,1.99,0,0,0,0,0,0,0,0,0,0,0,0,0,0,0,0,0,0,0
2013,Durnten,U1,Fine,Alder,5,173,2.18,0,0,0,0,0,0,0,0,0,0,0,0,0,0,0,0,0,0,0
2013,Durnten,U1,Fine,Alder,6,174,2.13,0,0,0,0,0,0,0,0,0,0,0,0,0,0,0,0,0,0,0
2013,Durnten,U1,Fine,Oak,1,175,2.82,0,0,0,0,0,0,0,0,0,0,0,0,0,0,0,0,0,0,0
2013,Durnten,U1,Fine,Oak,2,176,3,0,0,0,0,0,0,0,0,0,0,0,0,0,0,0,0,0,0,0
2013,Durnten,U1,Fine,Oak,3,177,2.88,0,0,0,0,0,0,0,0,0,0,0,0,0,0,0,0,0,0,0
2013,Durnten,U1,Fine,Oak,4,178,2.97,0,0,0,0,0,0,0,0,0,0,0,0,0,0,0,0,0,0,0
2013,Durnten,U1,Fine,Oak,5,179,2.85,0,0,0,0,0,0,0,0,0,0,0,0,0,0,0,0,0,0,0
2013,Durnten,U1,Fine,Oak,6,180,2.81,0,0,0,0,0,0,0,0,0,0,0,0,0,0,0,0,0,0,0
2013,Durnten,U1,Coarse,Alder,1,181,2.18,0,0,0,0,0,20,0,0.999999999,0,0,0,0,0,0,0,0,0,0,0
2013,Durnten,U1,Coarse,Alder,2,182,NA,0,0,0,0,0,0,0,0,0,0,0,0,0,0,0,0,0,0,0
2013,Durnten,U1,Coarse,Alder,3,183,NA,0,0,0,0,0,0,0,0,0,0,0,0,0,0,0,0,0,0,0
2013,Durnten,U1,Coarse,Alder,4,184,2.15,0,2,3,1,0,20,0,0,0,0,0,0,0,0,0,0,0,0,0
2013,Durnten,U1,Coarse,Alder,5,185,1.92,0,0.999999999,0,0,0,99.99999999,0,0,0,0,0,0,0,0,0,0,0,0,2.000000001
2013,Durnten,U1,Coarse,Alder,6,186,1.65,0,1,1,0,0,25,0,0,0,0,0,0,0,0,0,0,0,0,0
2013,Durnten,U1,Coarse,Oak,1,187,2.9,1,1.999999999,0,0,0,0,0,0,0,0,0,0,0,0.999999999,3.000000001,0.999999999,0,0,0
2013,Durnten,U1,Coarse,Oak,2,188,2.86,0,0,0,0,0,0,0,0,0,0,0,0,0,0,0,0,0,0,0
2013,Durnten,U1,Coarse,Oak,3,189,2.9,0,5,0.999999999,0,0,50,0,0,0,0,0,0,0,0,0,0,0,0,0
2013,Durnten,U1,Coarse,Oak,4,190,2.76,0,2,0,2,0,10,0,0,0,0,0,0,0,0,0,0,0,0,0
2013,Durnten,U1,Coarse,Oak,5,191,2.76,0,0,0,0,0,20,0,0,0,0,0,0,0,0,0,0,0,0,0
2013,Durnten,U1,Coarse,Oak,6,192,2.76,0,0,0,0,0,0,0,0,0,0,0,0,0,0,0,0,0,0,0
2013,Durnten,U2,Fine,Alder,1,193,2.32,0,0,0,0,0,0,0,0,0,0,0,0,0,0,0,0,0,0,0
2013,Durnten,U2,Fine,Alder,2,194,2.03,0,0,0,0,0,0,0,0,0,0,0,0,0,0,0,0,0,0,0
2013,Durnten,U2,Fine,Alder,3,195,1.96,0,0,0,0,0,0,0,0,0,0,0,0,0,0,0,0,0,0,0
2013,Durnten,U2,Fine,Alder,4,196,1.94,0,0,0,0,0,0,0,0,0,0,0,0,0,0,0,0,0,0,0
2013,Durnten,U2,Fine,Alder,5,197,2.4,0,0,0,0,0,0,0,0,0,0,0,0,0,0,0,0,0,0,0
2013,Durnten,U2,Fine,Alder,6,198,1.85,0,0,0,0,0,0,0,0,0,0,0,0,0,0,0,0,0,0,0
2013,Durnten,U2,Fine,Oak,1,199,2.81,0,0,0,0,0,0,0,0,0,0,0,0,0,0,0,0,0,0,0
2013,Durnten,U2,Fine,Oak,2,200,2.95,0,0,0,0,0,0,0,0,0,0,0,0,0,0,0,0,0,0,0
2013,Durnten,U2,Fine,Oak,3,201,2.96,0,0,0,0,0,0,0,0,0,0,0,0,0,0,0,0,0,0,0
2013,Durnten,U2,Fine,Oak,4,202,NA,0,0,0,0,0,0,0,0,0,0,0,0,0,0,0,0,0,0,0
2013,Durnten,U2,Fine,Oak,5,203,2.9,0,0,0,0,0,0,0,0,0,0,0,0,0,0,0,0,0,0,0
2013,Durnten,U2,Fine,Oak,6,204,2.98,0,0,0,0,0,0,0,0,0,0,0,0,0,0,0,0,0,0,0
2013,Durnten,U2,Coarse,Alder,1,205,1.9,0,2,0,0,0,100,0,0,0,0,0,0,0,0,0,0,0,0,0.999999999
2013,Durnten,U2,Coarse,Alder,2,206,2.14,0,1.000000001,0,0,0,99.99999999,0,0,0,0,0,0,0,0,0,0,0,0,0
2013,Durnten,U2,Coarse,Alder,3,207,1.74,0,1.000000001,0,0,0,30,0,0,0,0,0,0,0,0,0,0,0,0,0
2013,Durnten,U2,Coarse,Alder,4,208,1.89,0,1,0,0,0,100,0,0,0,0,0,0,0,0,0,0,0,0,0
2013,Durnten,U2,Coarse,Alder,5,209,2.19,11,0,0,1.000000001,0,3.999999999,0,5,0,0,0,0,0,0,0,0,0,0,0
2013,Durnten,U2,Coarse,Alder,6,210,1.81,0,0,0,0,0,0,0,0,0,0,0,0,0,0,0,0,0,0,0
2013,Durnten,U2,Coarse,Oak,1,211,2.71,1,0,0,0,0,99.99999999,0,0,0,0,0,0,0,0,0,0,0,0,0
2013,Durnten,U2,Coarse,Oak,2,212,2.73,0,0.999999999,0.999999999,0.999999999,0,100,0,0,0,0,0,0,0,0,0,0,0,0,0
2013,Durnten,U2,Coarse,Oak,3,213,2.87,0,0,0,0,0,59.99999999,0,0,0,0,0,0,0,0,0,0,0,0,0
2013,Durnten,U2,Coarse,Oak,4,214,2.82,0,2.999999999,1,0,0,100,0,0,0,0,0,0,0,0,0,0,0,0,0
2013,Durnten,U2,Coarse,Oak,5,215,2.59,2,0,0,0,0,50.00000001,0,0,0,0,0,0,0,0,0,0,0,0,0
2013,Durnten,U2,Coarse,Oak,6,216,2.81,3,0,0,0,0,39.99999999,0,0,0,0,0,0,0,0,0,0,0,0,0
2013,Herisau,D,Fine,Alder,1,217,1.89,0,0,0,0,0,0,0,0,0,0,0,0,0,0,0,0,0,0,0
2013,Herisau,D,Fine,Alder,2,218,2.25,0,0,0,0,0,0,0,0,0,0,0,0,0,0,0,0,0,0,0
2013,Herisau,D,Fine,Alder,3,219,2.28,0,0,0,0,0,0,0,0,0,0,0,0,0,0,0,0,0,0,0
2013,Herisau,D,Fine,Alder,4,220,2.23,0,0,0,0,0,0,0,0,0,0,0,0,0,0,0,0,0,0,0
2013,Herisau,D,Fine,Alder,5,221,NA,0,0,0,0,0,0,0,0,0,0,0,0,0,0,0,0,0,0,0
2013,Herisau,D,Fine,Alder,6,222,2.14,0,0,0,0,0,0,0,0,0,0,0,0,0,0,0,0,0,0,0
2013,Herisau,D,Fine,Oak,1,223,2.83,0,0,0,0,0,0,0,0,0,0,0,0,0,0,0,0,0,0,0
2013,Herisau,D,Fine,Oak,2,224,2.85,0,0,0,0,0,0,0,0,0,0,0,0,0,0,0,0,0,0,0
2013,Herisau,D,Fine,Oak,3,225,2.94,0,0,0,0,0,0,0,0,0,0,0,0,0,0,0,0,0,0,0
2013,Herisau,D,Fine,Oak,4,226,NA,0,0,0,0,0,0,0,0,0,0,0,0,0,0,0,0,0,0,0
2013,Herisau,D,Fine,Oak,5,227,2.24,0,0,0,0,0,0,0,0,0,0,0,0,0,0,0,0,0,0,0
2013,Herisau,D,Fine,Oak,6,228,3.05,0,0,0,0,0,0,0,0,0,0,0,0,0,0,0,0,0,0,0
2013,Herisau,D,Coarse,Alder,1,229,1.54,2,2,3.999999999,3.999999999,0,10,0,0,0,0,0,0,0,0,0,0,0,0,0
2013,Herisau,D,Coarse,Alder,2,230,1.01,0,0,0,0,0,0,0,0,0,0,0,0,0,0,0,0,0,0,0
2013,Herisau,D,Coarse,Alder,3,231,1.53,3,5.999999999,5.999999999,8,0,99.99999999,0,1.999999999,0,0,0,0,0,0,0,0,0,0,0
2013,Herisau,D,Coarse,Alder,4,232,1.83,0,0,0,0,0,0,0,0,0,0,0,0,0,0,0,0,0,0,0
2013,Herisau,D,Coarse,Alder,5,233,1.71,0,0,0,0,0,0,0,0,0,0,0,0,0,0,0,0,0,0,0
2013,Herisau,D,Coarse,Alder,6,234,1.93,0,0,1,0,0,100,0,0,0,0,0,0,0,0,0,0,0,0,0
2013,Herisau,D,Coarse,Oak,1,235,2.7,4,3,2.000000001,0,0,0,3.999999999,0,0,0,0,0,0,0,0,0,0,0,0
2013,Herisau,D,Coarse,Oak,2,236,2.82,0,0,0,0,0,0,0,0,0,0,0,0,0,0,0,0,0,0,0
2013,Herisau,D,Coarse,Oak,3,237,2.75,1,1.999999999,1.000000001,0,0,99.99999999,0,1.000000001,0,0,0,0,0,0,0,0,0,0,0
2013,Herisau,D,Coarse,Oak,4,238,2.58,1,0.999999999,1.999999999,1.999999999,0,50,0,0,0,0,0,0,0,0,0,0,0,0,0
2013,Herisau,D,Coarse,Oak,5,239,3,0,3,0.999999999,5.000000001,0,99.99999999,0,0.999999999,0,0,0,0,0,0,0,0,0,0,0
2013,Herisau,D,Coarse,Oak,6,240,2.93,1,0,2.000000001,0,0,15,0,0.999999999,0,0,0,0,0,0,0,3,0,0,0
2013,Herisau,U1,Fine,Alder,1,241,2.46,0,0,0,0,0,0,0,0,0,0,0,0,0,0,0,0,0,0,0
2013,Herisau,U1,Fine,Alder,2,242,2.42,0,0,0,0,0,0,0,0,0,0,0,0,0,0,0,0,0,0,0
2013,Herisau,U1,Fine,Alder,3,243,2.34,0,0,0,0,0,0,0,0,0,0,0,0,0,0,0,0,0,0,0
2013,Herisau,U1,Fine,Alder,4,244,2.49,0,0,0,0,0,0,0,0,0,0,0,0,0,0,0,0,0,0,0
2013,Herisau,U1,Fine,Alder,5,245,2.42,0,0,0,0,0,0,0,0,0,0,0,0,0,0,0,0,0,0,0
2013,Herisau,U1,Fine,Alder,6,246,NA,0,0,0,0,0,0,0,0,0,0,0,0,0,0,0,0,0,0,0
2013,Herisau,U1,Fine,Oak,1,247,2.97,0,0,0,0,0,0,0,0,0,0,0,0,0,0,0,0,0,0,0
2013,Herisau,U1,Fine,Oak,2,248,3.01,0,0,0,0,0,0,0,0,0,0,0,0,0,0,0,0,0,0,0
2013,Herisau,U1,Fine,Oak,3,249,2.88,0,0,0,0,0,0,0,0,0,0,0,0,0,0,0,0,0,0,0
2013,Herisau,U1,Fine,Oak,4,250,3.15,0,0,0,0,0,0,0,0,0,0,0,0,0,0,0,0,0,0,0
2013,Herisau,U1,Fine,Oak,5,251,3.09,0,0,0,0,0,0,0,0,0,0,0,0,0,0,0,0,0,0,0
2013,Herisau,U1,Fine,Oak,6,252,NA,0,0,0,0,0,0,0,0,0,0,0,0,0,0,0,0,0,0,0
2013,Herisau,U1,Fine,Oak,1,253,NA,0,0,0,0,0,0,0,0,0,0,0,0,0,0,0,0,0,0,0
2013,Herisau,U1,Fine,Oak,2,254,NA,0,0,0,0,0,0,0,0,0,0,0,0,0,0,0,0,0,0,0
2013,Herisau,U1,Coarse,Alder,3,255,1.83,1,4.000000001,0.999999999,2,0,29.99999999,0,2.999999999,0,0,0,0,0,0,0,0,0.999999999,0,0
2013,Herisau,U1,Coarse,Alder,4,256,1.89,5,2.999999999,1,1,0,29.99999999,0,0,0,0,0,0,0,0,0,0,0,0,0
2013,Herisau,U1,Coarse,Alder,5,257,1.94,11,9.000000001,1.000000001,8,0,20,0,0,0,0,0,0,0,0,0,0,0,0,2
2013,Herisau,U1,Coarse,Alder,6,258,NA,0,0,0,0,0,0,0,0,0,0,0,0,0,0,0,0,0,0,0
2013,Herisau,U1,Coarse,Oak,1,259,2.86,0,0,0,0,0,0,0,0,0,0,0,0,0,0,0,0,0,0,0
2013,Herisau,U1,Coarse,Oak,2,260,2.8,4,2.999999999,0,1.999999999,0,0,0,0,0,0,0,0,0,0,0,1,0,0,0
2013,Herisau,U1,Coarse,Oak,3,261,2.97,4,3,1.000000001,1.999999999,0,15,0,1.999999999,0,0,0,0,0,0,0,4.000000001,0,0,0
2013,Herisau,U1,Coarse,Oak,4,262,2.87,11,0,0,0,0,1.999999999,0,0,0,0,0,0,0,0,0,0,0,0,0
2013,Herisau,U1,Coarse,Oak,5,263,2.97,2,8.000000001,5.000000001,10,0,70,0,0,0,0,0,0,0,0,0,0,0,0,0
2013,Herisau,U1,Coarse,Oak,6,264,NA,0,0,0,0,0,0,0,0,0,0,0,0,0,0,0,0,0,0,0
2013,Herisau,U2,Fine,Alder,1,265,2.41,0,0,0,0,0,0,0,0,0,0,0,0,0,0,0,0,0,0,0
2013,Herisau,U2,Fine,Alder,2,266,2.44,0,0,0,0,0,0,0,0,0,0,0,0,0,0,0,0,0,0,0
2013,Herisau,U2,Fine,Alder,3,267,2.37,0,0,0,0,0,0,0,0,0,0,0,0,0,0,0,0,0,0,0
2013,Herisau,U2,Fine,Alder,4,268,2.42,0,0,0,0,0,0,0,0,0,0,0,0,0,0,0,0,0,0,0
2013,Herisau,U2,Fine,Alder,5,269,2.3,0,0,0,0,0,0,0,0,0,0,0,0,0,0,0,0,0,0,0
2013,Herisau,U2,Fine,Alder,6,270,2.3,0,0,0,0,0,0,0,0,0,0,0,0,0,0,0,0,0,0,0
2013,Herisau,U2,Fine,Oak,1,271,3,0,0,0,0,0,0,0,0,0,0,0,0,0,0,0,0,0,0,0
2013,Herisau,U2,Fine,Oak,2,272,2.99,0,0,0,0,0,0,0,0,0,0,0,0,0,0,0,0,0,0,0
2013,Herisau,U2,Fine,Oak,3,273,3.05,0,0,0,0,0,0,0,0,0,0,0,0,0,0,0,0,0,0,0
2013,Herisau,U2,Fine,Oak,4,274,3.1,0,0,0,0,0,0,0,0,0,0,0,0,0,0,0,0,0,0,0
2013,Herisau,U2,Fine,Oak,5,275,3.06,0,0,0,0,0,0,0,0,0,0,0,0,0,0,0,0,0,0,0
2013,Herisau,U2,Fine,Oak,6,276,2.93,0,0,0,0,0,0,0,0,0,0,0,0,0,0,0,0,0,0,0
2013,Herisau,U2,Coarse,Alder,1,277,1.38,5,33,1,0,0,20,0,0,0,0,0,0,0,0,0,0,0,0,0
2013,Herisau,U2,Coarse,Alder,2,278,2,1,14,2,3,0,40,0,0,0,0,0,0,0,0,0,0,0,0,0
2013,Herisau,U2,Coarse,Alder,3,279,1.89,0,2,3.999999999,2,0,5.000000001,0,0,0,0,0,0,0,0,0,0,0,0,0
2013,Herisau,U2,Coarse,Alder,4,280,1.96,4,4.000000001,1.000000001,0,0,0,0,0,0,0,0,0,0,0,0,0,0,0,0
2013,Herisau,U2,Coarse,Alder,5,281,1.37,3,10,0,6,0,20.00000001,0,0,0,0,0,0,0,0,0,0,0,0,0
2013,Herisau,U2,Coarse,Alder,6,282,1.6,9,2,10,0,0,100,0,0,0,0,0,0,0,0,0,0,0,0,0
2013,Herisau,U2,Coarse,Oak,1,283,2.76,126,1.000000001,0,0,0,50,0,0,0,0,0,0,0,0,0,0,0,0,0
2013,Herisau,U2,Coarse,Oak,2,284,2.73,0,3.999999999,10,5.000000001,0,0,20,0,0,0,0,0,0,0,0,0,0,0,0
2013,Herisau,U2,Coarse,Oak,3,285,2.86,21,0,4.000000001,0,0,20,0,0,0,0,0,0,0,0,0,0,0,0,0
2013,Herisau,U2,Coarse,Oak,4,286,2.86,35,3,1.999999999,1.000000001,0,0,0,0,0,0,0,0,0,0,1.999999999,0,0,0,0
2013,Herisau,U2,Coarse,Oak,5,287,2.7,2,3.999999999,3.999999999,8,0,0,0,0,0,0,0,0,0,0,0,0,0,0,0
2013,Herisau,U2,Coarse,Oak,6,288,2.89,18,0.999999999,0,1.999999999,0,0,0,0,0,0,0,0,0,0,0,0,0,0,0
2013,Hochdorf,D,Fine,Alder,1,289,2.53,0,0,0,0,0,0,0,0,0,0,0,0,0,0,0,0,0,0,0
2013,Hochdorf,D,Fine,Alder,2,290,2.59,0,0,0,0,0,0,0,0,0,0,0,0,0,0,0,0,0,0,0
2013,Hochdorf,D,Fine,Alder,3,291,2.59,0,0,0,0,0,0,0,0,0,0,0,0,0,0,0,0,0,0,0
2013,Hochdorf,D,Fine,Alder,4,292,2.41,0,0,0,0,0,0,0,0,0,0,0,0,0,0,0,0,0,0,0
2013,Hochdorf,D,Fine,Alder,5,293,2.39,0,0,0,0,0,0,0,0,0,0,0,0,0,0,0,0,0,0,0
2013,Hochdorf,D,Fine,Alder,6,294,2.44,0,0,0,0,0,0,0,0,0,0,0,0,0,0,0,0,0,0,0
2013,Hochdorf,D,Fine,Oak,1,295,3.01,0,0,0,0,0,0,0,0,0,0,0,0,0,0,0,0,0,0,0
2013,Hochdorf,D,Fine,Oak,2,296,3.2,1,0,0,0,0,20,0,0,0,0,0,0,0,0,0,0,0,0,0
2013,Hochdorf,D,Fine,Oak,3,297,3.1,0,0,0,0,0,0,0,0,0,0,0,0,0,0,0,0,0,0,0
2013,Hochdorf,D,Fine,Oak,4,298,NA,0,0,0,0,0,0,0,0,0,0,0,0,0,0,0,0,0,0,0
2013,Hochdorf,D,Fine,Oak,5,299,3.07,0,0,0,0,0,0,0,0,0,0,0,0,0,0,0,0,0,0,0
2013,Hochdorf,D,Fine,Oak,6,300,2.95,0,0,0,0,0,0,0,0,0,0,0,0,0,0,0,0,0,0,0
2013,Hochdorf,D,Coarse,Alder,1,301,1.05,17,3,0,1,0,50,0,0,0,0,0,0,0,0,0,1,0,0,1
2013,Hochdorf,D,Coarse,Alder,2,302,2.01,21,4,0,0,0,40,0,0,0,0,0,0,0,0,0,0,0,0,4
2013,Hochdorf,D,Coarse,Alder,3,303,1.65,0,2,0,3,0,20,0,0,0,0,0,0,0,0,0,2,0,0,0
2013,Hochdorf,D,Coarse,Alder,4,304,1.27,21,2.000000001,0,1,0,20.00000001,0,0,0,0,0,0,0,0,0,0,0,0,0
2013,Hochdorf,D,Coarse,Alder,5,305,2.07,1,0,0,2,0,15,0,0,0,0,0,0,0,0,0,2,0,0,0
2013,Hochdorf,D,Coarse,Alder,6,306,1.92,3,3,0,0,2.000000001,9.999999999,0,0,0,0,0,0,0,0,0,0.999999999,0,0,0
2013,Hochdorf,D,Coarse,Oak,1,307,2.79,5,2,0,1,0,0,0,0,0,0,0,0,0,0,2.999999999,0,0,0,0
2013,Hochdorf,D,Coarse,Oak,2,308,2.59,5,0,0,1,0,80.00000001,0,0,2.999999999,0,0,0,0,0,0,0,0,0,0
2013,Hochdorf,D,Coarse,Oak,3,309,2.82,34,0,0,1,0,0,0,0,0,0,0,0,0,0,0,2.999999999,0,0,0
2013,Hochdorf,D,Coarse,Oak,4,310,2.96,46,1,0,0,0,39.99999999,0,0,0,0,0,0,0,1,1,0,0,0,0
2013,Hochdorf,D,Coarse,Oak,5,311,2.99,4,0,0,0,0,0,0,1.000000001,0,0,0,0,0,0,0,7.999999999,0,0,0
2013,Hochdorf,D,Coarse,Oak,6,312,2.83,16,0,0,0,0,0,0,0.999999999,0,0,0,0,0,0,0,0.999999999,0,0,0
2013,Hochdorf,U1,Fine,Alder,1,313,2.37,0,0,0,0,0,0,0,0,0,0,0,0,0,0,0,0,0,0,0
2013,Hochdorf,U1,Fine,Alder,2,314,NA,0,0,0,0,0,30,0,0,0,0,0,0,0,0,0,0,0,0,0
2013,Hochdorf,U1,Fine,Alder,3,315,2.43,0,0,0,0,0,0,0,0,0,0,0,0,0,0,0,0,0,0,0
2013,Hochdorf,U1,Fine,Alder,4,316,2.5,0,0,0,0,0,30,0,0,0,0,0,0,0,0,0,0,0,0,0
2013,Hochdorf,U1,Fine,Alder,5,317,2.39,0,0,0,0,0,9.999999999,0,0,0,0,0,0,0,0,0,0,0,0,0
2013,Hochdorf,U1,Fine,Alder,6,318,2.52,0,0,0,0,0,0,0,0,0,0,0,0,0,0,0,0,0,0,0
2013,Hochdorf,U1,Fine,Oak,1,319,3.12,0,0,0,0,0,0,0,0,0,0,0,0,0,0,0,0,0,0,0
2013,Hochdorf,U1,Fine,Oak,2,320,3.03,0,0,0,0,0,0,0,0,0,0,0,0,0,0,0,0,0,0,0
2013,Hochdorf,U1,Fine,Oak,3,321,2.99,0,0,0,0,0,0,0,0,0,0,0,0,0,0,0,0,0,0,0
2013,Hochdorf,U1,Fine,Oak,4,322,3.06,0,0,0,0,0,0,0,0,0,0,0,0,0,0,0,0,0,0,0
2013,Hochdorf,U1,Fine,Oak,5,323,2.9,0,0,0,0,0,0,0,0,0,0,0,0,0,0,0,0,0,0,0
2013,Hochdorf,U1,Fine,Oak,6,324,2.88,0,0,0,0,0,0,0,0,0,0,0,0,0,0,0,0,0,0,0
2013,Hochdorf,U1,Coarse,Alder,1,325,0.45,3,0,0,0,0,9.999999999,0,0,0,0,0,0,0,0,0,0,0,0,0
2013,Hochdorf,U1,Coarse,Alder,2,326,0.42,1,1,0,2,0,0,0,0,0,0,0,0,0,0,0,0,0,0,0
2013,Hochdorf,U1,Coarse,Alder,3,327,0.35,0,0,0,1,0,0,0,0,0,0,0,0,0,0,0,0,0,0,0
2013,Hochdorf,U1,Coarse,Alder,4,328,0.65,0,0,0,0,0,0,0,0,0,0,0,0,0,0,0,0,0,0,0
2013,Hochdorf,U1,Coarse,Alder,5,329,1.63,0,0,0,0,0,0,0,0,0,0,0,0,0,0,0,0,0,0,0
2013,Hochdorf,U1,Coarse,Alder,6,330,0.99,9,7,0,0,0,0,0,1,0,0,0,0,0,0,0,1,0,0,0
2013,Hochdorf,U1,Coarse,Oak,1,331,2.78,54,1.999999999,0,0.999999999,0,0,0,0,0,0,0,0,0,0.999999999,0,1.999999999,0,0,0
2013,Hochdorf,U1,Coarse,Oak,2,332,2.77,7,0,0,0,0,5.000000001,0,0,0,0,0,0,0,2.000000001,0,0,0,0,0
2013,Hochdorf,U1,Coarse,Oak,3,333,2.66,1,0,0,0,0,0,0,0,0,0,0,0,0,0,0,0,1.000000001,0,0
2013,Hochdorf,U1,Coarse,Oak,4,334,2.8,19,0,0,0,0,0,0,0,0,0,0,0,0,0,0,0,0,0,0
2013,Hochdorf,U1,Coarse,Oak,5,335,2.91,61,0,0,0,0,4.999999999,0,0,0,0,0,0,0,0,1.000000001,0,3,0,0
2013,Hochdorf,U1,Coarse,Oak,6,336,2.64,11,2.999999999,0,0,0,10,0,0,0,0,0,0,0,1.000000001,0,0,0,0,0
2013,Hochdorf,U2,Fine,Alder,1,337,2.23,0,0,0,0,0,0,0,0,0,0,0,0,0,0,0,0,0,0,0
2013,Hochdorf,U2,Fine,Alder,2,338,2.39,0,0,0,0,0,0,0,0,0,0,0,0,0,0,0,0,0,0,0
2013,Hochdorf,U2,Fine,Alder,3,339,2.56,0,0,0,0,0,50,0,0,0,0,0,0,0,0,0,0,0,0,0
2013,Hochdorf,U2,Fine,Alder,4,340,2.43,0,0,0,0,0,0,0,0,0,0,0,0,0,0,0,0,0,0,0
2013,Hochdorf,U2,Fine,Alder,5,341,2.42,0,0,0,0,0,0,0,0,0,0,0,0,0,0,0,0,0,0,0
2013,Hochdorf,U2,Fine,Alder,6,342,NA,0,0,0,0,0,0,0,0,0,0,0,0,0,0,0,0,0,0,0
2013,Hochdorf,U2,Fine,Oak,1,343,2.87,0,0,0,0,0,0,0,0,0,0,0,0,0,0,0,0,0,0,0
2013,Hochdorf,U2,Fine,Oak,2,344,2.89,0,0,0,0,0,0,0,0,0,0,0,0,0,0,0,0,0,0,0
2013,Hochdorf,U2,Fine,Oak,3,345,2.91,0,0,0,0,0,0,0,0,0,0,0,0,0,0,0,0,0,0,0
2013,Hochdorf,U2,Fine,Oak,4,346,2.91,0,0,0,0,0,0,0,0,0,0,0,0,0,0,0,0,0,0,0
2013,Hochdorf,U2,Fine,Oak,5,347,3.03,0,0,0,0,0,0,0,0,0,0,0,0,0,0,0,0,0,0,0
2013,Hochdorf,U2,Fine,Oak,6,348,NA,0,0,0,0,0,0,0,0,0,0,0,0,0,0,0,0,0,0,0
2013,Hochdorf,U2,Coarse,Alder,1,349,0.8,12,1,0,0,0,5,0,0,0,0,0,0,0,1,0,0,0,0,0
2013,Hochdorf,U2,Coarse,Alder,2,350,1.34,7,0,0,1,0,19.99999999,0,1,0,0,0,0,0,0,0,0,0,0,0
2013,Hochdorf,U2,Coarse,Alder,3,351,0.79,27,0,0,0,0,5,0,0,0,0,0,0,0,0,0,0,0,0,1
2013,Hochdorf,U2,Coarse,Alder,4,352,1.21,1,4,0,1,0,30,0,0,0,0,0,0,0,0,0,0,0,0,0
2013,Hochdorf,U2,Coarse,Alder,5,353,0.68,2,1,0,0,0,5,0,0,0,0,0,0,0,0,0,0,0,0,0
2013,Hochdorf,U2,Coarse,Alder,6,354,NA,0,0,0,0,0,0,0,0,0,0,0,0,0,0,0,0,0,0,0
2013,Hochdorf,U2,Coarse,Oak,1,355,2.84,11,2,0,1,0,10,0,0,0,0,0,0,0,1,2,0,0,0,0
2013,Hochdorf,U2,Coarse,Oak,2,356,2.71,61,0,0,0,0,9.999999999,0,0,0,0,0,0,0,0,1,0,0,0,0
2013,Hochdorf,U2,Coarse,Oak,3,357,NA,0,0,0,0,0,0,0,0,0,0,0,0,0,0,0,0,0,0,0
2013,Hochdorf,U2,Coarse,Oak,4,358,2.73,51,2.000000001,0,3,0,50.00000001,0,0,0,0,0,0,0,0,0,3,0,0,0
2013,Hochdorf,U2,Coarse,Oak,5,359,2.7,33,2.000000001,0,0.999999999,0,0,0,0,0,0,0,0,0,0.999999999,0,0,0,0,0
2013,Hochdorf,U2,Coarse,Oak,6,360,NA,0,0,0,0,0,0,0,0,0,0,0,0,0,0,0,0,0,0,0
2013,Hornussen,D,Fine,Alder,1,361,1.83,0,0,0,0,0,0,0,0,0,0,0,0,0,0,0,0,0,0,0
2013,Hornussen,D,Fine,Alder,2,362,1.81,0,0,0,0,0,30.00000001,0,0,0,0,0,0,0,0,0,0,0,0,0
2013,Hornussen,D,Fine,Alder,3,363,1.75,0,0,0,0,0,0,0,0,0,0,0,0,0,0,0,0,0,0,0
2013,Hornussen,D,Fine,Alder,4,364,1.76,0,0,0,0,0,30.00000001,0,0,0,0,0,0,0,0,0,0,0,0,0
2013,Hornussen,D,Fine,Alder,5,365,2.24,0,0,0,0,0,0,0,0,0,0,0,0,0,0,0,0,0,0,0
2013,Hornussen,D,Fine,Alder,6,366,NA,0,0,0,0,0,0,0,0,0,0,0,0,0,0,0,0,0,0,0
2013,Hornussen,D,Fine,Oak,1,367,2.74,0,0,0,0,0,0,0,0,0,0,0,0,0,0,0,0,0,0,0
2013,Hornussen,D,Fine,Oak,2,368,2.62,0,0,0,0,0,0,0,0,0,0,0,0,0,0,0,0,0,0,0
2013,Hornussen,D,Fine,Oak,3,369,2.81,0,0,0,0,0,0,0,0,0,0,0,0,0,0,0,0,0,0,0
2013,Hornussen,D,Fine,Oak,4,370,2.31,0,0,0,0,0,0,0,0,0,0,0,0,0,0,0,0,0,0,0
2013,Hornussen,D,Fine,Oak,5,371,3.32,0,0,0,0,0,0,0,0,0,0,0,0,0,0,0,0,0,0,0
2013,Hornussen,D,Fine,Oak,6,372,NA,0,0,0,0,0,0,0,0,0,0,0,0,0,0,0,0,0,0,0
2013,Hornussen,D,Coarse,Alder,1,373,1.16,0,3.000000001,2,1.000000001,0,100,0,5,0,0,0,0,0,0,0,0,0,0,0
2013,Hornussen,D,Coarse,Alder,2,374,1.47,0,5,2,3.000000001,0,60,0,0,0,0,0,0,0,0,0,0,0,0,0
2013,Hornussen,D,Coarse,Alder,3,375,0.73,0,6,0,0,0,10,0,0,0,0,0,0,0,0,0,6,0,0,0
2013,Hornussen,D,Coarse,Alder,4,376,0.97,1,6,1,0,0,30,0,0,0,0,0,0,0,0,0,0,0,0,1
2013,Hornussen,D,Coarse,Alder,5,377,0.86,0,4,0,3,0,20,0,0,0,0,0,0,0,0,1,0,0,0,0
2013,Hornussen,D,Coarse,Alder,6,378,NA,0,0,0,0,0,0,0,0,0,0,0,0,0,0,0,0,0,0,0
2013,Hornussen,D,Coarse,Oak,1,379,2.87,0,1.999999999,2.999999999,0,0,29.99999999,0,1.000000001,0,0,0,0,0,0,0,0,0,0,0
2013,Hornussen,D,Coarse,Oak,2,380,NA,0,0,0,0,0,0,0,0,0,0,0,0,0,0,0,0,0,0,0
2013,Hornussen,D,Coarse,Oak,3,381,2.66,0,0,1.000000001,0,0,5,0,0,0,0,0,0,0,0,1.000000001,0,0,0,0
2013,Hornussen,D,Coarse,Oak,4,382,2.69,0,4.000000001,0,1,0,20,0,1,0,0,0,0,0,0,4.000000001,0,0,0,0
2013,Hornussen,D,Coarse,Oak,5,383,2.84,0,0,0,0,0,20,0,0,0,0,0,0,0,0,3,0,0,0,0
2013,Hornussen,D,Coarse,Oak,6,384,NA,0,0,0,0,0,0,0,0,0,0,0,0,0,0,0,0,0,0,0
2013,Hornussen,U1,Fine,Alder,1,385,2.03,0,0,0,0,0,0,0,0,0,0,0,0,0,0,0,0,0,0,0
2013,Hornussen,U1,Fine,Alder,2,386,2.11,0,0,0,0,0,0,0,0,0,0,0,0,0,0,0,0,0,0,0
2013,Hornussen,U1,Fine,Alder,3,387,2.18,0,0,0,0,0,0,0,0,0,0,0,0,0,0,0,0,0,0,0
2013,Hornussen,U1,Fine,Alder,4,388,1.96,0,0,0,0,0,0,0,0,0,0,0,0,0,0,0,0,0,0,0
2013,Hornussen,U1,Fine,Alder,5,389,2.16,0,0,0,0,0,60,0,0,0,0,0,0,0,0,0,0,0,0,0
2013,Hornussen,U1,Fine,Alder,6,390,2.02,0,0,0,0,0,40,0,0,0,0,0,0,0,0,0,0,0,0,0
2013,Hornussen,U1,Fine,Oak,1,391,2.81,0,0,0,0,0,0,0,0,0,0,0,0,0,0,0,0,0,0,0
2013,Hornussen,U1,Fine,Oak,2,392,3.2,0,0,0,0,0,0,0,0,0,0,0,0,0,0,0,0,0,0,0
2013,Hornussen,U1,Fine,Oak,3,393,2.78,0,0,0,0,0,0,0,0,0,0,0,0,0,0,0,0,0,0,0
2013,Hornussen,U1,Fine,Oak,4,394,NA,0,0,0,0,0,0,0,0,0,0,0,0,0,0,0,0,0,0,0
2013,Hornussen,U1,Fine,Oak,5,395,2.74,0,0,0,0,0,0,0,0,0,0,0,0,0,0,0,0,0,0,0
2013,Hornussen,U1,Fine,Oak,6,396,2.76,0,0,0,0,0,0,0,0,0,0,0,0,0,0,0,0,0,0,0
2013,Hornussen,U1,Coarse,Alder,1,397,1.36,0,1,0,9,0,99.99999999,0,0,0,0,0,0,0,0,0,0,0,0,0
2013,Hornussen,U1,Coarse,Alder,2,398,2.1,1,1,1,4.000000001,0,5,0,0,0,0,0,0,0,0,0,0,0,0,1.999999999
2013,Hornussen,U1,Coarse,Alder,3,399,0.99,4,2,0,5,0,30,0,0,0,0,0,0,0,0,0,0,0,0,0
2013,Hornussen,U1,Coarse,Alder,4,400,1.08,0,13,1,2,0,5,0,0,0,0,0,0,0,0,0,0,0,0,1
2013,Hornussen,U1,Coarse,Alder,5,401,0.99,0,1,0,1,0,9.999999999,0,5,0,0,0,0,0,0,0,0,0,0,5
2013,Hornussen,U1,Coarse,Alder,6,402,1.46,0,0,1,2,0,20,0,0,0,0,0,0,0,0,0,0,0,0,0
2013,Hornussen,U1,Coarse,Oak,1,403,2.63,0,2.000000001,0,4.000000001,0,4.999999999,0,1,0,0,0,0,0,0,0,0,0,0,0
2013,Hornussen,U1,Coarse,Oak,2,404,2.56,1,1,0,5,1,100,0,1,0,0,0,0,0,0,0,0,0,0,0
2013,Hornussen,U1,Coarse,Oak,3,405,2.74,1,7.999999999,0,0,0,9.999999999,0,0,0,0,0,0,0,0,1.000000001,1.000000001,0,0,0
2013,Hornussen,U1,Coarse,Oak,4,406,2.71,0,1,0,9.999999999,0,99.99999999,0,0,0,0,0,0,0,0,0,0,0,0,0
2013,Hornussen,U1,Coarse,Oak,5,407,2.87,3,0,1.000000001,1.000000001,0,20,0,1.000000001,0,0,0,0,0,0,1.999999999,1.000000001,0,0,0
2013,Hornussen,U1,Coarse,Oak,6,408,2.74,0,0,0,1.000000001,0,49.99999999,0,0,0,0,0,0,0,0,0,0,0,0,0
2013,Hornussen,U2,Fine,Alder,1,409,2.41,0,0,0,0,0,30,0,0,0,0,0,0,0,0,0,0,0,0,0
2013,Hornussen,U2,Fine,Alder,2,410,2.03,0,0,0,0,0,0,0,0,0,0,0,0,0,0,0,0,0,0,0
2013,Hornussen,U2,Fine,Alder,3,411,2.17,0,0,0,0,0,80.00000001,0,0,0,0,0,0,0,0,0,0,0,0,0
2013,Hornussen,U2,Fine,Alder,4,412,1.97,0,0,0,0,0,30.00000001,0,0,0,0,0,0,0,0,0,0,0,0,0
2013,Hornussen,U2,Fine,Alder,5,413,2.24,0,0,0,0,0,0,0,0,0,0,0,0,0,0,0,0,0,0,0
2013,Hornussen,U2,Fine,Alder,6,414,1.89,0,0,0,0,0,60.00000001,0,0,0,0,0,0,0,0,0,0,0,0,0
2013,Hornussen,U2,Fine,Oak,1,415,2.87,0,0,0,0,0,0,0,0,0,0,0,0,0,0,0,0,0,0,0
2013,Hornussen,U2,Fine,Oak,2,416,2.83,0,0,0,0,0,0,0,0,0,0,0,0,0,0,0,0,0,0,0
2013,Hornussen,U2,Fine,Oak,3,417,2.75,0,0,0,0,0,0,0,0,0,0,0,0,0,0,0,0,0,0,0
2013,Hornussen,U2,Fine,Oak,4,418,2.9,0,0,0,0,0,0,0,0,0,0,0,0,0,0,0,0,0,0,0
2013,Hornussen,U2,Fine,Oak,5,419,2.74,0,0,0,0,0,0,0,0,0,0,0,0,0,0,0,0,0,0,0
2013,Hornussen,U2,Fine,Oak,6,420,2.85,0,0,0,0,0,0,0,0,0,0,0,0,0,0,0,0,0,0,0
2013,Hornussen,U2,Coarse,Alder,1,421,1.53,3,7,0,0,0,0,0,0,0,0,0,0,0,0,0,14,0,0,0
2013,Hornussen,U2,Coarse,Alder,2,422,0.43,1,9.999999999,1,0,0,5.000000001,0,1,0,0,0,0,0,0,0,1,0,0,0
2013,Hornussen,U2,Coarse,Alder,3,423,1.49,0,3,0,3.999999999,0,60.00000001,0,0,0,0,0,0,0,0,0,1.000000001,0,0,0
2013,Hornussen,U2,Coarse,Alder,4,424,0.97,0,7,0,4,0,40,0,3,0,0,0,0,0,0,0,1,0,0,0
2013,Hornussen,U2,Coarse,Alder,5,425,1.59,1,1.000000001,0,0,0,5,0,0,0,0,0,0,0,0,0,0,0,0,0
2013,Hornussen,U2,Coarse,Alder,6,426,1.48,3,1,0,1,0,79.99999999,0,0,0,0,0,0,0,0,0,0,0,0,1
2013,Hornussen,U2,Coarse,Oak,1,427,2.62,1,2.000000001,0,0.999999999,0.999999999,100,0,5.000000001,0,0,0,0,0,0,0,0,0,0,0
2013,Hornussen,U2,Coarse,Oak,2,428,2.72,3,2.000000001,0,2.000000001,0,9.999999999,0,2.999999999,0,0,0,0,0,0,1,0,0,0,0
2013,Hornussen,U2,Coarse,Oak,3,429,2.79,0,0,0,2,1,49.99999999,0,1,0,0,0,0,0,0,0,0,0,0,0
2013,Hornussen,U2,Coarse,Oak,4,430,2.78,4,1.999999999,0,3.000000001,0,20,0,0,0,0,0,0,0,0,0.999999999,0,0,0,0
2013,Hornussen,U2,Coarse,Oak,5,431,2.76,0,2,0,2,0,5,0,0,0,0,0,0,0,0,0,0,0,0,0
2013,Hornussen,U2,Coarse,Oak,6,432,2.81,0,0,0,1,0,5.000000001,0,0,0,0,0,0,0,0,0,3.999999999,0,0,0
2013,Kernenried,D,Fine,Alder,1,433,2.32,0,0,0,0,0,0,0,0,0,0,0,0,0,0,0,0,0,0,0
2013,Kernenried,D,Fine,Alder,2,434,2.19,0,0,0,0,0,0,0,0,0,0,0,0,0,0,0,0,0,0,0
2013,Kernenried,D,Fine,Alder,3,435,NA,0,0,0,0,0,0,0,0,0,0,0,0,0,0,0,0,0,0,0
2013,Kernenried,D,Fine,Alder,4,436,2.29,0,0,0,0,0,0,0,0,0,0,0,0,0,0,0,0,0,0,0
2013,Kernenried,D,Fine,Alder,5,437,2.41,0,0,0,0,0,0,0,0,0,0,0,0,0,0,0,0,0,0,0
2013,Kernenried,D,Fine,Alder,6,438,2.62,0,0,0,0,0,0,0,0,0,0,0,0,0,0,0,0,0,0,0
2013,Kernenried,D,Fine,Oak,1,439,3.02,0,0,0,0,0,0,0,0,0,0,0,0,0,0,0,0,0,0,0
2013,Kernenried,D,Fine,Oak,2,440,3.04,0,0,0,0,0,0,0,0,0,0,0,0,0,0,0,0,0,0,0
2013,Kernenried,D,Fine,Oak,3,441,2.82,0,0,0,0,0,0,0,0,0,0,0,0,0,0,0,0,0,0,0
2013,Kernenried,D,Fine,Oak,4,442,2.99,0,0,0,0,0,0,0,0,0,0,0,0,0,0,0,0,0,0,0
2013,Kernenried,D,Fine,Oak,5,443,3.04,0,0,0,0,0,0,0,0,0,0,0,0,0,0,0,0,0,0,0
2013,Kernenried,D,Fine,Oak,6,444,3.16,0,0,0,0,0,0,0,0,0,0,0,0,0,0,0,0,0,0,0
2013,Kernenried,D,Coarse,Alder,1,445,0.92,1,1,1,3,0,9,0,3,0,0,0,0,0,0,0,0,0,0,0
2013,Kernenried,D,Coarse,Alder,2,446,0.26,11,1,0,0,0,0,0,1,0,0,0,0,0,0,0,0,0,0,0
2013,Kernenried,D,Coarse,Alder,3,447,0.88,6,2,0,0,0,5,0,2,0,0,0,0,0,0,0,0,0,0,0
2013,Kernenried,D,Coarse,Alder,4,448,1.23,13,0,0,1,0,5,0,0,0,0,0,0,0,0,0,2,0,0,0
2013,Kernenried,D,Coarse,Alder,5,449,1.73,11,3,1,0,0,0,0,22.00000001,0,0,0,0,0,2,0,1,0,0,0
2013,Kernenried,D,Coarse,Alder,6,450,1.14,7,4,0,0.999999999,0,0,0,6,0,0,0,0,0,0,3,0,0,0,0
2013,Kernenried,D,Coarse,Oak,1,451,2.98,18,2.000000001,0,2.999999999,0,20,0,7.999999999,0,0,0,0,0,0,0,2.000000001,1.000000001,0,0
2013,Kernenried,D,Coarse,Oak,2,452,2.85,3,0,0,0,0,20,100,0,0,0,0,0,0,0,0,0,0,0,0
2013,Kernenried,D,Coarse,Oak,3,453,2.86,7,0,0,0,0,0,0,75.99999999,0,0,0,0,0,0,0,0,1.000000001,0,0
2013,Kernenried,D,Coarse,Oak,4,454,2.76,38,0,0,0,0,5,0,5.999999999,0,0,0,0,0,0,0,0,0,0,0
2013,Kernenried,D,Coarse,Oak,5,455,2.97,4,0,0,0,0,20,0,12,0,0,0,0,0,0,1.000000001,0,1.000000001,0,0
2013,Kernenried,D,Coarse,Oak,6,456,NA,0,0,0,0,0,0,0,0,0,0,0,0,0,0,0,0,0,0,0
2013,Kernenried,U1,Fine,Alder,1,457,2.49,0,0,0,0,0,0,0,0,0,0,0,0,0,0,0,0,0,0,0
2013,Kernenried,U1,Fine,Alder,2,458,2.17,0,0,0,0,0,0,0,0,0,0,0,0,0,0,0,0,0,0,0
2013,Kernenried,U1,Fine,Alder,3,459,2.49,0,0,0,0,0,0,0,0,0,0,0,0,0,0,0,0,0,0,0
2013,Kernenried,U1,Fine,Alder,4,460,2.48,0,0,0,0,0,0,0,0,0,0,0,0,0,0,0,0,0,0,0
2013,Kernenried,U1,Fine,Alder,5,461,2.34,0,0,0,0,0,0,0,0,0,0,0,0,0,0,0,0,0,0,0
2013,Kernenried,U1,Fine,Alder,6,462,2.37,0,0,0,0,0,0,0,0,0,0,0,0,0,0,0,0,0,0,0
2013,Kernenried,U1,Fine,Oak,1,463,2.98,0,0,0,0,0,0,0,0,0,0,0,0,0,0,0,0,0,0,0
2013,Kernenried,U1,Fine,Oak,2,464,2.87,0,0,0,0,0,0,0,0,0,0,0,0,0,0,0,0,0,0,0
2013,Kernenried,U1,Fine,Oak,3,465,2.94,0,0,0,0,0,0,0,0,0,0,0,0,0,0,0,0,0,0,0
2013,Kernenried,U1,Fine,Oak,4,466,3.05,0,0,0,0,0,0,0,0,0,0,0,0,0,0,0,0,0,0,0
2013,Kernenried,U1,Fine,Oak,5,467,2.8,0,0,0,0,0,0,0,0,0,0,0,0,0,0,0,0,0,0,0
2013,Kernenried,U1,Fine,Oak,6,468,2.94,0,0,0,0,0,0,0,0,0,0,0,0,0,0,0,0,0,0,0
2013,Kernenried,U1,Coarse,Alder,1,469,0.56,5,5.999999998,0,0,0,0,0,0,0,0,0,0,0,0,0,0,0,0,0
2013,Kernenried,U1,Coarse,Alder,2,470,0.72,1,1,0,1,0,5,0,0,0,0,0,0,0,0,0,0,0,0,0
2013,Kernenried,U1,Coarse,Alder,3,471,0.61,3,5,1,2,0,0,0,0,0,0,0,0,0,0,0,0,0,0,0
2013,Kernenried,U1,Coarse,Alder,4,472,1.72,6,0,0,0,0,0,0,0,0,0,0,0,0,0,3.000000001,0,0,0,0
2013,Kernenried,U1,Coarse,Alder,5,473,1.45,9,0.999999999,0.999999999,2,0,10,0,0,0,0,0,0,0,0,0,0,0,0,2
2013,Kernenried,U1,Coarse,Alder,6,474,0.11,5,2,0,0,0,1,0,0,0,0,0,0,0,0,0,0,0,0,0
2013,Kernenried,U1,Coarse,Oak,1,475,3.17,6,0,0,0,0,9.999999998,0,0,0,0,0,0,0,4,0,0,0,0,0
2013,Kernenried,U1,Coarse,Oak,2,476,2.94,0,2.999999999,0,0,0,0,0,0,0,0,0,0,0,4.000000001,0,2,0.999999999,0,0
2013,Kernenried,U1,Coarse,Oak,3,477,2.84,46,2,0,0,0,0,0,0,0,0,0,0,0,0,5.999999999,0,0,0,0
2013,Kernenried,U1,Coarse,Oak,4,478,3.13,2,0,0,0,0,0,0,0,0,0,0,0,0,0,3.000000001,0,0,0,0
2013,Kernenried,U1,Coarse,Oak,5,479,2.95,18,4.999999999,0,2.000000001,1,11,0,0,0,0,0,0,0,0,8.000000001,0,0,0,0
2013,Kernenried,U1,Coarse,Oak,6,480,2.72,19,0,0,0,0,0,0,2.999999999,0,0,0,0,0,1,0,1,0,0,0
2013,Kernenried,U2,Fine,Alder,1,481,2.47,0,0,0,0,0,0,0,0,0,0,0,0,0,0,0,0,0,0,0
2013,Kernenried,U2,Fine,Alder,2,482,2.44,0,0,0,0,0,0,0,0,0,0,0,0,0,0,0,0,0,0,0
2013,Kernenried,U2,Fine,Alder,3,483,2.28,0,0,0,0,0,0,0,0,0,0,0,0,0,0,0,0,0,0,0
2013,Kernenried,U2,Fine,Alder,4,484,2.06,0,0,0,0,0,0,0,0,0,0,0,0,0,0,0,0,0,0,0
2013,Kernenried,U2,Fine,Alder,5,485,2.2,0,0,0,0,0,0,0,0,0,0,0,0,0,0,0,0,0,0,0
2013,Kernenried,U2,Fine,Alder,6,486,2.03,0,0,0,0,0,0,0,0,0,0,0,0,0,0,0,0,0,0,0
2013,Kernenried,U2,Fine,Oak,1,487,3.08,0,0,0,0,0,0,0,0,0,0,0,0,0,0,0,0,0,0,0
2013,Kernenried,U2,Fine,Oak,2,488,2.87,0,0,0,0,0,0,0,0,0,0,0,0,0,0,0,0,0,0,0
2013,Kernenried,U2,Fine,Oak,3,489,2.84,0,0,0,0,0,0,0,0,0,0,0,0,0,0,0,0,0,0,0
2013,Kernenried,U2,Fine,Oak,4,490,3.14,0,0,0,0,0,0,0,0,0,0,0,0,0,0,0,0,0,0,0
2013,Kernenried,U2,Fine,Oak,5,491,2.8,21,0,0,0,0,0,0,0,0,0,0,0,0,0,0,0,0,0,0
2013,Kernenried,U2,Fine,Oak,6,492,2.81,0,0,0,0,0,0,0,0,0,0,0,0,0,0,0,0,0,0,0
2013,Kernenried,U2,Coarse,Alder,1,493,0.25,3,3,0,13,3,10,0,0,0,0,0,0,0,0,0,0,0,0,0
2013,Kernenried,U2,Coarse,Alder,2,494,0.12,1,1,0,4,0,0,0,0,0,0,0,0,0,0,0,0,0,0,0
2013,Kernenried,U2,Coarse,Alder,3,495,0.31,5,2,0,1,0,0,0,0,0,0,0,0,0,0,0,0,0,0,0
2013,Kernenried,U2,Coarse,Alder,4,496,0.14,4,1,0,0,1,0,0,0,0,0,0,0,0,0,0,0,0,0,0
2013,Kernenried,U2,Coarse,Alder,5,497,0.4,3,0,0,8,0,0,0,0,0,0,0,0,0,0,0,0,0,0,0
2013,Kernenried,U2,Coarse,Alder,6,498,0.12,0,1,0,0,0,0,0,0,0,0,0,0,0,0,0,0,0,0,0
2013,Kernenried,U2,Coarse,Oak,1,499,2.74,80,1.999999999,0,1.000000001,1.000000001,40.00000001,0,0,0,0,0,0,0,0,9.999999999,0,0,0,0
2013,Kernenried,U2,Coarse,Oak,2,500,2.54,89,0.999999999,0,2.000000001,0,10,0,0,0,0,0,0,0,0,0,0,0,0,0
2013,Kernenried,U2,Coarse,Oak,3,501,2.71,137,1,0,0,0,9.999999999,0,0,0,0,0,0,0,0,0,0,0,0,0
2013,Kernenried,U2,Coarse,Oak,4,502,2.9,25,0,0,0,0,10,0,0,0,0,0,0,0,0,1.999999999,0,0,0,0
2013,Kernenried,U2,Coarse,Oak,5,503,2.81,86,1,0,1.999999999,0,0,0,0,0,0,0,0,0,0,0,0,0,0,0
2013,Kernenried,U2,Coarse,Oak,6,504,2.8,20,0,0,0,0,0,0,0,0,0,0,0,0,0,1.999999999,0,0,0,0
2013,Messen,D,Fine,Alder,1,505,2.43,0,0,0,0,0,0,0,0,0,0,0,0,0,0,0,0,0,0,0
2013,Messen,D,Fine,Alder,2,506,2.68,0,0,0,0,0,0,0,0,0,0,0,0,0,0,0,0,0,0,0
2013,Messen,D,Fine,Alder,3,507,2.6,0,0,0,0,0,0,0,0,0,0,0,0,0,0,0,0,0,0,0
2013,Messen,D,Fine,Alder,4,508,2.59,0,0,0,0,0,0,0,0,0,0,0,0,0,0,0,0,0,0,0
2013,Messen,D,Fine,Alder,5,509,2.5,0,0,0,0,0,0,0,0,0,0,0,0,0,0,0,0,0,0,0
2013,Messen,D,Fine,Alder,6,510,2.45,0,0,0,0,0,0,0,0,0,0,0,0,0,0,0,0,0,0,0
2013,Messen,D,Fine,Oak,1,511,2.95,0,0,0,0,0,0,0,0,0,0,0,0,0,0,0,0,0,0,0
2013,Messen,D,Fine,Oak,2,512,3.05,0,0,0,0,0,0,0,0,0,0,0,0,0,0,0,0,0,0,0
2013,Messen,D,Fine,Oak,3,513,2.97,0,0,0,0,0,0,0,0,0,0,0,0,0,0,0,0,0,0,0
2013,Messen,D,Fine,Oak,4,514,3.25,0,0,0,0,0,0,0,0,0,0,0,0,0,0,0,0,0,0,0
2013,Messen,D,Fine,Oak,5,515,3.03,0,0,0,0,0,0,0,0,0,0,0,0,0,0,0,0,0,0,0
2013,Messen,D,Fine,Oak,6,516,3.04,0,0,0,0,0,0,0,0,0,0,0,0,0,0,0,0,0,0,0
2013,Messen,D,Coarse,Alder,1,517,1.81,11,3.999999999,0,0,2.000000001,99.99999999,0,6,0,0,0,0,0,0,0,0,0,0,0
2013,Messen,D,Coarse,Alder,2,518,2.04,0,2,0,0,0,9.999999999,0,2.999999999,0,0,0,0,0,0,0,0,0,0,0
2013,Messen,D,Coarse,Alder,3,519,1.64,0,1.000000001,0,0,0,10,0,2,0,0,0,0,0,0,0,0,0,0,0
2013,Messen,D,Coarse,Alder,4,520,1.06,2,5,0,0,0,0,0,0,0,0,0,0,0,0,1,0,0,0,5.999999999
2013,Messen,D,Coarse,Alder,5,521,1.67,5,15,0,0,1,50,0,1,0,0,0,0,0,0,0,15,0,0,0
2013,Messen,D,Coarse,Alder,6,522,2.87,13,4,0,0,0,9.999999999,0,0,0,0,0,0,0,0,0,0,0,0,0
2013,Messen,D,Coarse,Oak,1,523,3.1,2,5.000000001,0,0,0,100,0,5.000000001,0,0,0,0,0,0,0,15,0,0,0
2013,Messen,D,Coarse,Oak,2,524,3.21,0,1.000000001,0,0,0,100,0,1.000000001,0,0,0,0,0,0,0,0,0,0,0
2013,Messen,D,Coarse,Oak,3,525,3.01,4,1.000000001,0,0,0,0,0,9.999999999,0,0,0,0,0,0,0,0,0,0,0
2013,Messen,D,Coarse,Oak,4,526,2.94,24,5,0,0,0,99.99999999,0,6.000000001,0,0,0,0,0,0,0,0,0,0,0
2013,Messen,D,Coarse,Oak,5,527,3.16,5,5,0,0,0,100,0,15,0,0,0,0,0,0,0,0,0,0,0
2013,Messen,D,Coarse,Oak,6,528,2.83,23,4,0,2,2.999999999,49.99999999,0,9,0,0,0,0,0,0,0.999999999,0,0,0,0
2013,Messen,U1,Fine,Alder,1,529,2.43,0,0,0,0,0,0,0,0,0,0,0,0,0,0,0,0,0,0,0
2013,Messen,U1,Fine,Alder,2,530,2.46,0,0,0,0,0,0,0,0,0,0,0,0,0,0,0,0,0,0,0
2013,Messen,U1,Fine,Alder,3,531,2.48,0,0,0,0,0,0,0,0,0,0,0,0,0,0,0,0,0,0,0
2013,Messen,U1,Fine,Alder,4,532,2.57,0,0,0,0,0,0,0,0,0,0,0,0,0,0,0,0,0,0,0
2013,Messen,U1,Fine,Alder,5,533,2.62,0,0,0,0,0,0,0,0,0,0,0,0,0,0,0,0,0,0,0
2013,Messen,U1,Fine,Alder,6,534,2.56,0,0,0,0,0,0,0,0,0,0,0,0,0,0,0,0,0,0,0
2013,Messen,U1,Fine,Oak,1,535,3.09,0,0,0,0,0,0,0,0,0,0,0,0,0,0,0,0,0,0,0
2013,Messen,U1,Fine,Oak,2,536,2.76,0,0,0,0,0,0,0,0,0,0,0,0,0,0,0,0,0,0,0
2013,Messen,U1,Fine,Oak,3,537,2.9,0,0,0,0,0,0,0,0,0,0,0,0,0,0,0,0,0,0,0
2013,Messen,U1,Fine,Oak,4,538,3.05,0,0,0,0,0,0,0,0,0,0,0,0,0,0,0,0,0,0,0
2013,Messen,U1,Fine,Oak,5,539,3.11,0,0,0,0,0,0,0,0,0,0,0,0,0,0,0,0,0,0,0
2013,Messen,U1,Fine,Oak,6,540,3.12,0,0,0,0,0,0,0,0,0,0,0,0,0,0,0,0,0,0,0
2013,Messen,U1,Coarse,Alder,1,541,0.75,2,2,0,0,0,50,0,0,0,0,0,0,0,0,0,0,0,0,0
2013,Messen,U1,Coarse,Alder,2,542,1.52,2,1,0,0,0,20,0,3.999999999,0,0,0,0,0,0,0,0,0,0,0
2013,Messen,U1,Coarse,Alder,3,543,1.48,1,6,0,0,3,100,0,0,0,0,0,0,0,0,0,0,0,0,0
2013,Messen,U1,Coarse,Alder,4,544,1.8,2,2,0,0,1.000000001,20,0,3.000000001,0,0,0,0,0,0,0,0,0,0,0
2013,Messen,U1,Coarse,Alder,5,545,1.88,1,5,0,0,1.000000001,30,0,10,0,0,0,0,0,0,0,0,0,0,0
2013,Messen,U1,Coarse,Alder,6,546,2.24,1,2,0.999999999,2,0.999999999,9.999999999,0,7,0,0,0,0,0,0,0,0,0,0,0
2013,Messen,U1,Coarse,Oak,1,547,2.9,6,3.000000001,0,0.999999999,0,50,0,10,0,0,0,0,0,0,0,0,0,0,0
2013,Messen,U1,Coarse,Oak,2,548,2.87,0,1.999999999,0,0,0,99.99999999,0,2.999999999,0,0,0,0,0,0,0,0,0,0,0
2013,Messen,U1,Coarse,Oak,3,549,3,9,2.000000001,0,0,0,99.99999999,0,6.999999999,0,0,0,0,0,0,0,0,0,0,0
2013,Messen,U1,Coarse,Oak,4,550,2.91,1,1.999999999,0,0,0,10,0,3,0,0,0,0,0,0,0,0,0,0,0
2013,Messen,U1,Coarse,Oak,5,551,4.06,3,0,1.000000001,0,0,0,20,0,0,0,0,0,0,0,0,0,0,0,0
2013,Messen,U1,Coarse,Oak,6,552,2.91,5,3,0,1.000000001,0,20,0,16,0,0,0,0,0,0,0,0,0,0,0
2013,Messen,U2,Fine,Alder,1,553,2.73,0,0,0,0,0,0,0,0,0,0,0,0,0,0,0,0,0,0,0
2013,Messen,U2,Fine,Alder,2,554,2.57,0,0,0,0,0,0,0,0,0,0,0,0,0,0,0,0,0,0,0
2013,Messen,U2,Fine,Alder,3,555,2.61,0,0,0,0,0,0,0,0,0,0,0,0,0,0,0,0,0,0,0
2013,Messen,U2,Fine,Alder,4,556,2.61,0,0,0,0,0,0,0,0,0,0,0,0,0,0,0,0,0,0,0
2013,Messen,U2,Fine,Alder,5,557,2.71,0,0,0,0,0,0,0,0,0,0,0,0,0,0,0,0,0,0,0
2013,Messen,U2,Fine,Alder,6,558,2.62,0,0,0,0,0,0,0,0,0,0,0,0,0,0,0,0,0,0,0
2013,Messen,U2,Fine,Oak,1,559,3.1,0,0,0,0,0,0,0,0,0,0,0,0,0,0,0,0,0,0,0
2013,Messen,U2,Fine,Oak,2,560,3.2,0,0,0,0,0,0,0,0,0,0,0,0,0,0,0,0,0,0,0
2013,Messen,U2,Fine,Oak,3,561,3.12,0,0,0,0,0,0,0,0,0,0,0,0,0,0,0,0,0,0,0
2013,Messen,U2,Fine,Oak,4,562,3.04,0,0,0,0,0,0,0,0,0,0,0,0,0,0,0,0,0,0,0
2013,Messen,U2,Fine,Oak,5,563,3.12,0,0,0,0,0,0,0,0,0,0,0,0,0,0,0,0,0,0,0
2013,Messen,U2,Fine,Oak,6,564,2.98,0,0,0,0,0,0,0,0,0,0,0,0,0,0,0,0,0,0,0
2013,Messen,U2,Coarse,Alder,1,565,2.02,1,3,0,1,1,100,0,12,0,0,0,0,0,0,0,2,0,0,0
2013,Messen,U2,Coarse,Alder,2,566,2,3,2,0,0,0,100,0,13,0,0,0,0,0,0,0,0,0,0,0
2013,Messen,U2,Coarse,Alder,3,567,1.73,1,10,0,0,0,100,0,1,0,0,0,0,0,0,0,0,0,0,0
2013,Messen,U2,Coarse,Alder,4,568,2.27,1,10,0,0,0,100,0,10,0,0,0,0,0,0,0,0,0,0,0
2013,Messen,U2,Coarse,Alder,5,569,2.23,2,2.000000001,0,0,0.999999999,100,0,8,0,0,0,0,0,0,0,0,0,0,0
2013,Messen,U2,Coarse,Alder,6,570,2.3,1,0,0,0,0,100,0,0,0,0,0,0,0,0,0,0,0,0,0
2013,Messen,U2,Coarse,Oak,1,571,2.97,5,3,0,0,0,100,0,11,0,0,0,0,0,0,0,0,0,0,0
2013,Messen,U2,Coarse,Oak,2,572,3.02,4,12,0,0,0,100,0,0,0,0,0,0,0,0,0,0,0,0,0
2013,Messen,U2,Coarse,Oak,3,573,2.94,5,2.999999999,0,0,0.999999999,99.99999999,0,2,0,0,0,0,0,0,0,0,0,0,0
2013,Messen,U2,Coarse,Oak,4,574,3.06,6,1.999999999,0,0,0,99.99999999,0,1.999999999,0,0,0,0,0,0,0,0,0,0,0
2013,Messen,U2,Coarse,Oak,5,575,2.98,24,2.000000001,0,0,0,100,0,0,0,0,0,0,0,0,0,0,0,0,0
2013,Messen,U2,Coarse,Oak,6,576,2.94,1,0,0,0,0,99.99999999,0,0.999999999,0,0,0,0,0,0,0,0,0,0,0
2013,Niederdorf,D,Fine,Alder,1,577,2.27,0,0,0,0,0,0,0,0,0,0,0,0,0,0,0,0,0,0,0
2013,Niederdorf,D,Fine,Alder,2,578,2.18,0,0,0,0,0,0,0,0,0,0,0,0,0,0,0,0,0,0,0
2013,Niederdorf,D,Fine,Alder,3,579,NA,0,0,0,0,0,0,0,0,0,0,0,0,0,0,0,0,0,0,0
2013,Niederdorf,D,Fine,Alder,4,580,2.04,0,0,0,0,0,0,0,0,0,0,0,0,0,0,0,0,0,0,0
2013,Niederdorf,D,Fine,Alder,5,581,2.06,0,0,0,0,0,0,0,0,0,0,0,0,0,0,0,0,0,0,0
2013,Niederdorf,D,Fine,Alder,6,582,NA,0,0,0,0,0,0,0,0,0,0,0,0,0,0,0,0,0,0,0
2013,Niederdorf,D,Fine,Oak,1,583,3.1,0,0,0,0,0,0,0,0,0,0,0,0,0,0,0,0,0,0,0
2013,Niederdorf,D,Fine,Oak,2,584,2.96,0,0,0,0,0,0,0,0,0,0,0,0,0,0,0,0,0,0,0
2013,Niederdorf,D,Fine,Oak,3,585,2.66,0,0,0,0,0,0,0,0,0,0,0,0,0,0,0,0,0,0,0
2013,Niederdorf,D,Fine,Oak,4,586,2.76,0,0,0,0,0,0,0,0,0,0,0,0,0,0,0,0,0,0,0
2013,Niederdorf,D,Fine,Oak,5,587,2.63,0,0,0,0,0,0,0,0,0,0,0,0,0,0,0,0,0,0,0
2013,Niederdorf,D,Fine,Oak,6,588,NA,0,0,0,0,0,0,0,0,0,0,0,0,0,0,0,0,0,0,0
2013,Niederdorf,D,Coarse,Alder,1,589,0.47,18,2,1,1,0,0,0,0,0,0,0,0,0,0,0,0,0,0,0
2013,Niederdorf,D,Coarse,Alder,2,590,0.33,8,2,0,3,0,0,0,0,0,0,0,0,0,0,0,0,0,0,0
2013,Niederdorf,D,Coarse,Alder,3,591,2.16,0,0,0,0,0,0,0,0,0,0,0,0,0,0,0,0,0,0,0
2013,Niederdorf,D,Coarse,Alder,4,592,0.53,4,4,2,3,0,0,0,0,0,0,0,0,0,2,0,0,0,0,0
2013,Niederdorf,D,Coarse,Alder,5,593,1.66,6,4,0,7,0,5,0,0,0,0,0,0,0,0,0,0,0,0,0
2013,Niederdorf,D,Coarse,Alder,6,594,NA,0,0,0,0,0,0,0,0,0,0,0,0,0,0,0,0,0,0,0
2013,Niederdorf,D,Coarse,Oak,1,595,2.41,215,0.999999999,0.999999999,2.000000001,0,0,0,0,0,0,0,0,0,0,0,0,0,0,0
2013,Niederdorf,D,Coarse,Oak,2,596,2.67,164,0,0,17,0,10,0,0,0,0,0,0,0,0,0,0,0,0,0
2013,Niederdorf,D,Coarse,Oak,3,597,2.35,32,4.999999999,0,6.999999999,0,10,0,0,0,0,0,0,0,0,0,0,0,0,0
2013,Niederdorf,D,Coarse,Oak,4,598,2.26,132,2,1,2,0,0,0,0,0,0,0,0,0,0,0,0,0,0,0
2013,Niederdorf,D,Coarse,Oak,5,599,2.64,4,6.000000001,0,7.999999999,0,0,0,0,0,0,0,0,0,0,0,0,0,0,0
2013,Niederdorf,D,Coarse,Oak,6,600,NA,0,0,0,0,0,0,0,0,0,0,0,0,0,0,0,0,0,0,0
2013,Niederdorf,D,Coarse,Oak,1,601,NA,0,0,0,0,0,0,0,0,0,0,0,0,0,0,0,0,0,0,0
2013,Niederdorf,U1,Fine,Alder,2,602,2.09,0,0,0,0,0,0,0,0,0,0,0,0,0,0,0,0,0,0,0
2013,Niederdorf,U1,Fine,Alder,3,603,2.28,0,0,0,0,0,0,0,0,0,0,0,0,0,0,0,0,0,0,0
2013,Niederdorf,U1,Fine,Alder,4,604,2.23,0,0,0,0,0,0,0,0,0,0,0,0,0,0,0,0,0,0,0
2013,Niederdorf,U1,Fine,Alder,5,605,2.25,0,0,0,0,0,0,0,0,0,0,0,0,0,0,0,0,0,0,0
2013,Niederdorf,U1,Fine,Alder,6,606,2.2,0,0,0,0,0,0,0,0,0,0,0,0,0,0,0,0,0,0,0
2013,Niederdorf,U1,Fine,Oak,1,607,2.71,0,0,0,0,0,0,0,0,0,0,0,0,0,0,0,0,0,0,0
2013,Niederdorf,U1,Fine,Oak,2,608,2.83,0,0,0,0,0,0,0,0,0,0,0,0,0,0,0,0,0,0,0
2013,Niederdorf,U1,Fine,Oak,3,609,2.76,0,0,0,0,0,0,0,0,0,0,0,0,0,0,0,0,0,0,0
2013,Niederdorf,U1,Fine,Oak,4,610,2.86,1,0,0,0,0,0,0,0,0,0,0,0,0,0,0,0,0,0,0
2013,Niederdorf,U1,Fine,Oak,5,611,2.8,0,0,0,0,0,0,0,0,0,0,0,0,0,0,0,0,0,0,0
2013,Niederdorf,U1,Fine,Oak,6,612,2.72,0,0,0,0,0,0,0,0,0,0,0,0,0,0,0,0,0,0,0
2013,Niederdorf,U1,Coarse,Alder,1,613,1.98,0,2,0,6.999999999,0,20,0,0,0,0,0,0,0,0,0,0,0,0,0
2013,Niederdorf,U1,Coarse,Alder,2,614,2.19,0,2,1.000000001,2,0,30.00000001,0,0,0,0,0,0,0,0,0,0,0,0,0
2013,Niederdorf,U1,Coarse,Alder,3,615,1.85,0,1.000000001,2,1.000000001,0,30.00000001,0,0,0,0,0,0,0,0,0,0,0,0,0
2013,Niederdorf,U1,Coarse,Alder,4,616,0.33,5,0,0,3,0,0,0,0,0,0,0,0,0,0,0,0,0,0,0
2013,Niederdorf,U1,Coarse,Alder,5,617,0.9,9,0,1,6,0,9.999999999,0,0,0,0,0,0,0,0,0,0,0,0,0
2013,Niederdorf,U1,Coarse,Alder,6,618,0.23,83,3,0,0,0,0,0,0,0,0,0,0,0,0,0,0,0,0,0
2013,Niederdorf,U1,Coarse,Oak,1,619,2.53,181,0,0,0,0,0,0,0,0,0,0,0,0,0,0,0,0,0,0
2013,Niederdorf,U1,Coarse,Oak,2,620,2.24,89,0,0.999999999,0,0,0,0,0,0,0,0,0,0,0,0,0,0,0,0
2013,Niederdorf,U1,Coarse,Oak,3,621,2.58,232,0,1.999999999,16,0,9.999999999,0,0,0,0,0,0,0,0,0,0,0,0,0
2013,Niederdorf,U1,Coarse,Oak,4,622,2.65,35,1.000000001,0,10,0,0,0,0,0,0,0,0,0,0,0,0,0,0,0
2013,Niederdorf,U1,Coarse,Oak,5,623,2.59,219,0,0,2.999999999,0,20,0,2.999999999,0,0,0,0,0,0,0,0,0,0,0
2013,Niederdorf,U1,Coarse,Oak,6,624,2.35,232,0,0,11,0,0,0,0,0,0,2.000000001,0,0,0,0,0,0,0,0
2013,Niederdorf,U2,Fine,Alder,1,625,2.21,0,0,0,0,0,0,0,0,0,0,0,0,0,0,0,0,0,0,0
2013,Niederdorf,U2,Fine,Alder,2,626,NA,0,0,0,0,0,0,0,0,0,0,0,0,0,0,0,0,0,0,0
2013,Niederdorf,U2,Fine,Alder,3,627,2.31,0,0,0,0,0,0,0,0,0,0,0,0,0,0,0,0,0,0,0
2013,Niederdorf,U2,Fine,Alder,4,628,2.29,0,0,0,0,0,0,0,0,0,0,0,0,0,0,0,0,0,0,0
2013,Niederdorf,U2,Fine,Alder,5,629,2.32,0,0,0,0,0,0,0,0,0,0,0,0,0,0,0,0,0,0,0
2013,Niederdorf,U2,Fine,Alder,6,630,2.29,0,0,0,0,0,0,0,0,0,0,0,0,0,0,0,0,0,0,0
2013,Niederdorf,U2,Fine,Oak,1,631,2.83,0,0,0,0,0,0,0,0,0,0,0,0,0,0,0,0,0,0,0
2013,Niederdorf,U2,Fine,Oak,2,632,2.87,0,0,0,0,0,0,0,0,0,0,0,0,0,0,0,0,0,0,0
2013,Niederdorf,U2,Fine,Oak,3,633,2.86,0,0,0,0,0,0,0,0,0,0,0,0,0,0,0,0,0,0,0
2013,Niederdorf,U2,Fine,Oak,4,634,2.76,0,0,0,0,0,0,0,0,0,0,0,0,0,0,0,0,0,0,0
2013,Niederdorf,U2,Fine,Oak,5,635,NA,0,0,0,0,0,0,0,0,0,0,0,0,0,0,0,0,0,0,0
2013,Niederdorf,U2,Fine,Oak,6,636,2.78,0,0,0,0,0,0,0,0,0,0,0,0,0,0,0,0,0,0,0
2013,Niederdorf,U2,Coarse,Alder,1,637,0.21,2,1,0,0,0,5,0,0,0,0,0,0,0,0,0,0,0,0,0
2013,Niederdorf,U2,Coarse,Alder,2,638,2.04,0,0,0,0,0,0,0,0,0,0,0,0,0,0,0,0,0,0,0
2013,Niederdorf,U2,Coarse,Alder,3,639,0.4,15,0,0,2,0,20,0,0,0,0,0,0,0,0,0,0,0,0,0
2013,Niederdorf,U2,Coarse,Alder,4,640,1.18,23,0,0,17,0,20,0,0,0,0,0,0,0,0,0,0,0,0,0
2013,Niederdorf,U2,Coarse,Alder,5,641,1.72,12,3.999999999,0,12,0,9.999999999,0,0,0,0,0,0,0,0,0,0,0,0,0
2013,Niederdorf,U2,Coarse,Alder,6,642,0.9,1,0,0,2,0,0,0,0,0,0,0,0,0,0,0,0,0,0,0
2013,Niederdorf,U2,Coarse,Oak,1,643,2.81,12,1.999999999,0,18,0,5.000000001,0,0,0,0,0,0,0,0,0,0,0,0,0
2013,Niederdorf,U2,Coarse,Oak,2,644,2.64,46,0,2.000000001,12,0,0,0,0,0,0,0,0,0,0,0,0,0,0,0
2013,Niederdorf,U2,Coarse,Oak,3,645,2.57,159,0.999999999,0,14,0,30,0,0,0,0,0,0,0,0,0,0,0,0,0
2013,Niederdorf,U2,Coarse,Oak,4,646,2.42,63,0,0,11,0,15,0,0,0,0,0,0,0,0,0,0,0,0,0
2013,Niederdorf,U2,Coarse,Oak,5,647,2.83,27,0.999999999,0,2.999999999,0,10,0,0,0,0,0,0,0,0,0,0,0,0,0
2013,Niederdorf,U2,Coarse,Oak,6,648,2.73,32,0,0,3,0,0.999999999,0,0,0,0,0,0,0,0,0,0,0,0,0
2013,Romont,D,Fine,Alder,1,649,2.56,0,0,0,0,0,0,0,0,0,0,0,0,0,0,0,0,0,0,0
2013,Romont,D,Fine,Alder,2,650,2.34,0,0,0,0,0,0,0,0,0,0,0,0,0,0,0,0,0,0,0
2013,Romont,D,Fine,Alder,3,651,2.26,0,0,0,0,0,0,0,0,0,0,0,0,0,0,0,0,0,0,0
2013,Romont,D,Fine,Alder,4,652,2.37,0,0,0,0,0,0,0,0,0,0,0,0,0,0,0,0,0,0,0
2013,Romont,D,Fine,Alder,5,653,2.23,0,0,0,0,0,0,0,0,0,0,0,0,0,0,0,0,0,0,0
2013,Romont,D,Fine,Alder,6,654,2.53,0,0,0,0,0,0,0,0,0,0,0,0,0,0,0,0,0,0,0
2013,Romont,D,Fine,Oak,1,655,2.93,0,0,0,0,0,0,0,0,0,0,0,0,0,0,0,0,0,0,0
2013,Romont,D,Fine,Oak,2,656,2.97,0,0,0,0,0,0,0,0,0,0,0,0,0,0,0,0,0,0,0
2013,Romont,D,Fine,Oak,3,657,2.99,0,0,0,0,0,0,0,0,0,0,0,0,0,0,0,0,0,0,0
2013,Romont,D,Fine,Oak,4,658,2.92,0,0,0,0,0,0,0,0,0,0,0,0,0,0,0,0,0,0,0
2013,Romont,D,Fine,Oak,5,659,3.08,0,0,0,0,0,0,0,0,0,0,0,0,0,0,0,0,0,0,0
2013,Romont,D,Fine,Oak,6,660,3.12,0,0,0,0,0,0,0,0,0,0,0,0,0,0,0,0,0,0,0
2013,Romont,D,Coarse,Alder,1,661,2.41,1,0.999999999,3,0,0,9.999999999,0,0,0,0,0,0,0,0,0,0,0,0,0
2013,Romont,D,Coarse,Alder,2,662,2.39,1,1,0,0,0,9.999999999,0,0,0,0,0,0,0,0,0,0,0,0,0
2013,Romont,D,Coarse,Alder,3,663,2.04,7,0,0,0,0,9.999999999,0,0,0,0,0,0,0,0,0,0,0,0,0
2013,Romont,D,Coarse,Alder,4,664,NA,0,0,0,0,0,0,0,0,0,0,0,0,0,0,0,0,0,0,0
2013,Romont,D,Coarse,Alder,5,665,2.26,5,19,0,2,1,0,0,0,0,0,0,0,0,1,0,0,1,0,0
2013,Romont,D,Coarse,Alder,6,666,2.27,1,2.000000001,10,0,0,20,0,0,0,0,0,0,0,0,0,0,0,0,0
2013,Romont,D,Coarse,Oak,1,667,3.07,0,2,2,3,0,20,0,0,0,0,0,0,0,0,2,0,0,0,0
2013,Romont,D,Coarse,Oak,2,668,2.92,0,0,0,0.999999999,0,9.999999999,0,0,0,0,0,0,0,0,0,0,0,0,0
2013,Romont,D,Coarse,Oak,3,669,2.84,0,1,0,0,0,10,0,0,0,0,0,0,0,0,0,0,0,0,0
2013,Romont,D,Coarse,Oak,4,670,2.96,0,3.999999999,0,8.000000001,1,39.99999999,0,0,0,0,0,0,0,0,0,0,0,0,0
2013,Romont,D,Coarse,Oak,5,671,3.09,3,0,0.999999999,0,0,20,0,0,0,0,0,0,0,0,2.999999999,0,0,0,0
2013,Romont,D,Coarse,Oak,6,672,2.85,15,2,0,8,0,0,0,0,0,0,0,0,0,0,0,3,0,0,0
2013,Romont,D,Coarse,Oak,1,673,NA,0,0,0,0,0,0,0,0,0,0,0,0,0,0,0,0,0,0,0
2013,Romont,U1,Fine,Alder,2,674,2.45,0,0,0,0,0,0,0,0,0,0,0,0,0,0,0,0,0,0,0
2013,Romont,U1,Fine,Alder,3,675,2.55,0,0,0,0,0,0,0,0,0,0,0,0,0,0,0,0,0,0,0
2013,Romont,U1,Fine,Alder,4,676,2.58,0,0,0,0,0,0,0,0,0,0,0,0,0,0,0,0,0,0,0
2013,Romont,U1,Fine,Alder,5,677,2.57,0,0,0,0,0,0,0,0,0,0,0,0,0,0,0,0,0,0,0
2013,Romont,U1,Fine,Alder,6,678,2.54,0,0,0,0,0,0,0,0,0,0,0,0,0,0,0,0,0,0,0
2013,Romont,U1,Fine,Oak,1,679,3.2,0,0,0,0,0,0,0,0,0,0,0,0,0,0,0,0,0,0,0
2013,Romont,U1,Fine,Oak,2,680,3.11,0,0,0,0,0,0,0,0,0,0,0,0,0,0,0,0,0,0,0
2013,Romont,U1,Fine,Oak,3,681,3.16,0,0,0,0,0,0,0,0,0,0,0,0,0,0,0,0,0,0,0
2013,Romont,U1,Fine,Oak,4,682,3.16,0,0,0,0,0,0,0,0,0,0,0,0,0,0,0,0,0,0,0
2013,Romont,U1,Fine,Oak,5,683,2.99,0,0,0,0,0,0,0,0,0,0,0,0,0,0,0,0,0,0,0
2013,Romont,U1,Fine,Oak,6,684,3.02,0,0,0,0,0,0,0,0,0,0,0,0,0,0,0,0,0,0,0
2013,Romont,U1,Coarse,Alder,1,685,2.55,0,0,0,0,0,50.00000001,0,0,0,0,0,0,0,0,0,0,0,0,0
2013,Romont,U1,Coarse,Alder,2,686,2.08,0,6.999999999,0,8,0,50,0,0,0,0,0,0,0,0,0,0,0,0,0
2013,Romont,U1,Coarse,Alder,3,687,2.38,0,1.999999999,0,0,0.999999999,20,0,0,0,0,0,0,0,0,0,0,0,0,0.999999999
2013,Romont,U1,Coarse,Alder,4,688,1.99,1,2.999999999,0,0,0,29.99999999,0,0,0,0,0,0,0,0,0,0,0,0,0
2013,Romont,U1,Coarse,Alder,5,689,2.45,0,0,0,0,0,0,0,0,0,0,0,0,0,0,0,0,0,0,0
2013,Romont,U1,Coarse,Alder,6,690,2.21,0,4,0,0,0,15,0,0,0,0,0,0,0,0,0,0,0,0,0
2013,Romont,U1,Coarse,Oak,1,691,2.99,0,0,0,0,0,0,0,0,0,0,0,0,0,0,0,0,0,0,0
2013,Romont,U1,Coarse,Oak,2,692,2.89,0,1.999999999,0,1.999999999,0,20,0,0,0,0,0,0,0,0,1.999999999,0,0,0,0
2013,Romont,U1,Coarse,Oak,3,693,2.97,0,0,0,0,0,10,0,0,0,0,0,0,0,0,0,0,0,0,0
2013,Romont,U1,Coarse,Oak,4,694,3.01,4,1.999999999,0,1.999999999,1.000000001,0,0,0,0,0,0,0,0,0,0,0,0,0,0
2013,Romont,U1,Coarse,Oak,5,695,3.07,0,0,0,0,0,20,0,0,0,0,0,0,0,0,0,0,0,0,0
2013,Romont,U1,Coarse,Oak,6,696,2.91,1,0,0,0,0,15,0,0,0,0,0,0,0,0,0,0,0,0,0
2013,Romont,U2,Fine,Alder,1,697,2.26,0,0,0,0,0,0,0,0,0,0,0,0,0,0,0,0,0,0,0
2013,Romont,U2,Fine,Alder,2,698,2.4,0,0,0,0,0,0,0,0,0,0,0,0,0,0,0,0,0,0,0
2013,Romont,U2,Fine,Alder,3,699,2.54,0,0,0,0,0,0,0,0,0,0,0,0,0,0,0,0,0,0,0
2013,Romont,U2,Fine,Alder,4,700,2.2,0,0,0,0,0,0,0,0,0,0,0,0,0,0,0,0,0,0,0
2013,Romont,U2,Fine,Alder,5,701,2.69,0,0,0,0,0,0,0,0,0,0,0,0,0,0,0,0,0,0,0
2013,Romont,U2,Fine,Alder,6,702,2,0,0,0,0,0,0,0,0,0,0,0,0,0,0,0,0,0,0,0
2013,Romont,U2,Fine,Oak,1,703,2.96,0,0,0,0,0,0,0,0,0,0,0,0,0,0,0,0,0,0,0
2013,Romont,U2,Fine,Oak,2,704,3.05,0,0,0,0,0,0,0,0,0,0,0,0,0,0,0,0,0,0,0
2013,Romont,U2,Fine,Oak,3,705,2.85,0,0,0,0,0,0,0,0,0,0,0,0,0,0,0,0,0,0,0
2013,Romont,U2,Fine,Oak,4,706,3.04,0,0,0,0,0,0,0,0,0,0,0,0,0,0,0,0,0,0,0
2013,Romont,U2,Fine,Oak,5,707,3.04,0,0,0,0,0,0,0,0,0,0,0,0,0,0,0,0,0,0,0
2013,Romont,U2,Fine,Oak,6,708,NA,0,0,0,0,0,0,0,0,0,0,0,0,0,0,0,0,0,0,0
2013,Romont,U2,Coarse,Alder,1,709,2.34,0,0.999999999,0,0,0,39.99999999,0,0,0,0,0,0,0,0,0,0,0,0,0
2013,Romont,U2,Coarse,Alder,2,710,1.74,2,6,0,4.000000001,0,10,0,0,0,0,0,0,0,0,0,0,0,0,1.000000001
2013,Romont,U2,Coarse,Alder,3,711,2.28,1,3.000000001,0,0,0,40,0,0,0,0,0,0,0,0,0,0,0,0,0
2013,Romont,U2,Coarse,Alder,4,712,1.64,0,0,0,0,0,0,0,0,0,0,0,0,0,0,0,0,0,0,0
2013,Romont,U2,Coarse,Alder,5,713,2.14,0,0,0,0,0,30,0,0,0,0,0,0,0,0,0,0,0,0,0
2013,Romont,U2,Coarse,Alder,6,714,1.51,0,0,0,4.000000001,0,10,0,0,0,0,0,0,0,0,0,0,0,0,1.000000001
2013,Romont,U2,Coarse,Oak,1,715,2.89,1,0,0,0,0,30.00000001,0,0,0,0,0,0,0,0,0.999999999,0,0,0,0
2013,Romont,U2,Coarse,Oak,2,716,2.88,2,3.000000001,0,13,0,40,0,0,0,0,0,0,0,0,0.999999999,0,0,0,0
2013,Romont,U2,Coarse,Oak,3,717,2.87,0,0,0,0,0,29.99999999,0,0,0,0,0,0,0,0,0,0,0,0,0
2013,Romont,U2,Coarse,Oak,4,718,2.82,0,2.999999999,0,2,0,10,0,0,0,0,0,0,0,2.999999999,0,0,1,0,0
2013,Romont,U2,Coarse,Oak,5,719,3,0,0,0,0.999999999,0,20,0,0,0,0,0,0,0,0,0,0,0,0,0
2013,Romont,U2,Coarse,Oak,6,720,3.09,1,0.999999999,0,0,0,49.99999999,0,0,0,0,0,0,0,0,0,0,0,0,0
2013,Rothenthurm,D,Fine,Alder,1,721,2.59,0,0,0,0,0,15,0,0,0,0,0,0,0,0,0,0,0,0,0
2013,Rothenthurm,D,Fine,Alder,2,722,2.7,0,0,0,0,0,0,0,0,0,0,0,0,0,0,0,0,0,0,0
2013,Rothenthurm,D,Fine,Alder,3,723,2.5,0,0,0,0,0,0,0,0,0,0,0,0,0,0,0,0,0,0,0
2013,Rothenthurm,D,Fine,Alder,4,724,2.67,0,0,0,0,0,0,0,0,0,0,0,0,0,0,0,0,0,0,0
2013,Rothenthurm,D,Fine,Alder,5,725,2.61,0,0,0,0,0,0,0,0,0,0,0,0,0,0,0,0,0,0,0
2013,Rothenthurm,D,Fine,Alder,6,726,2.44,0,0,0,0,0,0,0,0,0,0,0,0,0,0,0,0,0,0,0
2013,Rothenthurm,D,Fine,Oak,1,727,3.2,0,0,0,0,0,0,0,0,0,0,0,0,0,0,0,0,0,0,0
2013,Rothenthurm,D,Fine,Oak,2,728,2.91,0,0,0,0,0,0,0,0,0,0,0,0,0,0,0,0,0,0,0
2013,Rothenthurm,D,Fine,Oak,3,729,2.96,0,0,0,0,0,0,0,0,0,0,0,0,0,0,0,0,0,0,0
2013,Rothenthurm,D,Fine,Oak,4,730,3.19,0,0,0,0,0,0,0,0,0,0,0,0,0,0,0,0,0,0,0
2013,Rothenthurm,D,Fine,Oak,5,731,3.04,0,0,0,0,0,0,0,0,0,0,0,0,0,0,0,0,0,0,0
2013,Rothenthurm,D,Fine,Oak,6,732,2.92,0,0,0,0,0,0,0,0,0,0,0,0,0,0,0,0,0,0,0
2013,Rothenthurm,D,Coarse,Alder,1,733,2.42,4,2.999999999,2.999999999,2,0,49.99999999,0,0,0,0,0,0,0,0,0,0,0,0,0
2013,Rothenthurm,D,Coarse,Alder,2,734,2.35,0,2.000000001,1,46.00000001,0,100,0,0,0,0,0,0,0,0,0,0,0,0,2.000000001
2013,Rothenthurm,D,Coarse,Alder,3,735,2.24,0,6.000000001,0,17,0,40.00000001,0,0,0,0,0,0,0,0,0,0,0,0,2
2013,Rothenthurm,D,Coarse,Alder,4,736,2.38,1,5.999999999,0.999999999,4,0,99.99999999,0,0,0,0,0,0,0,0,0,0,0,0,0
2013,Rothenthurm,D,Coarse,Alder,5,737,2.46,1,0,1,3,0,50,0,0,0,0,0,0,0,0,0,0,0,0,0
2013,Rothenthurm,D,Coarse,Alder,6,738,2.39,0,9.000000001,0,13,0,60,0,0,0,0,0,0,0,0,0,0,0,0,3.000000001
2013,Rothenthurm,D,Coarse,Oak,1,739,3.22,0,0,0,11,0,30,0,0,0,0,0,0,0,0,0.999999999,0,0,0,0
2013,Rothenthurm,D,Coarse,Oak,2,740,3.03,0,0,2.000000001,20,0,100,0,0,0,0,0,0,0,0,0,0,0,0,0
2013,Rothenthurm,D,Coarse,Oak,3,741,3.09,0,2,0,18,0,40,0,0,0,0,0,0,0,0,0,0,0,0,0
2013,Rothenthurm,D,Coarse,Oak,4,742,3.09,0,2,0,11,0,49.99999999,0,0.999999999,0,0,0,0,0,0,0,0,0,0,0
2013,Rothenthurm,D,Coarse,Oak,5,743,3.06,2,1.999999999,0,13,0,30,0,0,0,0,0,0,0,0,0,1.999999999,0,0,0
2013,Rothenthurm,D,Coarse,Oak,6,744,2.99,1,3.000000001,0,5.999999999,0,30.00000001,0,0,0,0,0,0,0,0,0,0,1.000000001,0,0
2013,Rothenthurm,U1,Fine,Alder,1,745,2.62,0,0,0,0,0,0,0,0,0,0,0,0,0,0,0,0,0,0,0
2013,Rothenthurm,U1,Fine,Alder,2,746,2.54,0,0,0,0,0,0,0,0,0,0,0,0,0,0,0,0,0,0,0
2013,Rothenthurm,U1,Fine,Alder,3,747,2.72,0,0,0,0,0,0,0,0,0,0,0,0,0,0,0,0,0,0,0
2013,Rothenthurm,U1,Fine,Alder,4,748,2.59,0,0,0,0,0,0,0,0,0,0,0,0,0,0,0,0,0,0,0
2013,Rothenthurm,U1,Fine,Alder,5,749,2.5,0,0,0,0,0,0,0,0,0,0,0,0,0,0,0,0,0,0,0
2013,Rothenthurm,U1,Fine,Alder,6,750,2.47,0,0,0,0,0,0,0,0,0,0,0,0,0,0,0,0,0,0,0
2013,Rothenthurm,U1,Fine,Oak,1,751,3.14,0,0,0,0,0,0,0,0,0,0,0,0,0,0,0,0,0,0,0
2013,Rothenthurm,U1,Fine,Oak,2,752,3.01,0,0,0,0,0,0,0,0,0,0,0,0,0,0,0,0,0,0,0
2013,Rothenthurm,U1,Fine,Oak,3,753,3.09,0,0,0,0,0,0,0,0,0,0,0,0,0,0,0,0,0,0,0
2013,Rothenthurm,U1,Fine,Oak,4,754,3.07,0,0,0,0,0,0,0,0,0,0,0,0,0,0,0,0,0,0,0
2013,Rothenthurm,U1,Fine,Oak,5,755,3.2,0,0,0,0,0,0,0,0,0,0,0,0,0,0,0,0,0,0,0
2013,Rothenthurm,U1,Fine,Oak,6,756,NA,0,0,0,0,0,0,0,0,0,0,0,0,0,0,0,0,0,0,0
2013,Rothenthurm,U1,Coarse,Alder,1,757,2.51,3,0,1.000000001,7.000000001,0,20,0,0,0,0,0,0,0,0,0,0,0,0,0
2013,Rothenthurm,U1,Coarse,Alder,2,758,2.6,4,1.000000001,0,1.000000001,0,30,0,0,0,0,0,0,0,0,0,0,0,0,0
2013,Rothenthurm,U1,Coarse,Alder,3,759,2.4,0,0,4.000000001,3,0,49.99999999,0,0,0,0,0,0,0,0,0,0,0,0,0
2013,Rothenthurm,U1,Coarse,Alder,4,760,2.52,0,0,0,2.999999999,0,50,0,0,0,0,0,0,0,0,0,0,0,0,0
2013,Rothenthurm,U1,Coarse,Alder,5,761,0.78,0,0,1,16,0,50,0,0,0,0,0,0,0,0,0,1,0,0,1
2013,Rothenthurm,U1,Coarse,Alder,6,762,2.52,1,0,1,3.999999999,0,60,0,0,0,0,0,0,0,0,0,0,0,0,0
2013,Rothenthurm,U1,Coarse,Oak,1,763,3.17,5,0.999999999,0,3.000000001,0,9.999999998,0,0,0,0,0,0,0,0,0,0,0,0,0
2013,Rothenthurm,U1,Coarse,Oak,2,764,NA,0,0,1,6.000000003,0,20,0,0,0,0,0,0,0,0,0,0,0,0,0
2013,Rothenthurm,U1,Coarse,Oak,3,765,2.86,0,0,1.000000001,7.000000001,0,60,0,0,0,0,0,0,0,0,0,0,0,0,0
2013,Rothenthurm,U1,Coarse,Oak,4,766,3.1,0,0,16,7,1,50.00000001,0,0,0,0,0,0,0,0,0,0,0,0,0
2013,Rothenthurm,U1,Coarse,Oak,5,767,3.23,0,0.999999999,0,3.000000001,0,50,0,0,0,0,0,0,0,0,0,0,0,0,0
2013,Rothenthurm,U1,Coarse,Oak,6,768,2.72,4,0,0,8.999999999,0,39.99999999,0,0,0,0,0,0,0,0,0,0,0,0,0
2013,Rothenthurm,U2,Fine,Alder,1,769,2.57,0,0,0,0,0,15,0,0,0,0,0,0,0,0,0,0,0,0,0
2013,Rothenthurm,U2,Fine,Alder,2,770,NA,0,0,0,0,0,0,0,0,0,0,0,0,0,0,0,0,0,0,0
2013,Rothenthurm,U2,Fine,Alder,3,771,2.68,0,0,0,0,0,0,0,0,0,0,0,0,0,0,0,0,0,0,0
2013,Rothenthurm,U2,Fine,Alder,4,772,2.47,0,0,0,0,0,0,0,0,0,0,0,0,0,0,0,0,0,0,0
2013,Rothenthurm,U2,Fine,Alder,5,773,2.7,0,0,0,0,0,0,0,0,0,0,0,0,0,0,0,0,0,0,0
2013,Rothenthurm,U2,Fine,Alder,6,774,2.67,0,0,0,0,0,0,0,0,0,0,0,0,0,0,0,0,0,0,0
2013,Rothenthurm,U2,Fine,Oak,1,775,3.09,0,0,0,0,0,0,0,0,0,0,0,0,0,0,0,0,0,0,0
2013,Rothenthurm,U2,Fine,Oak,2,776,3.06,0,0,0,0,0,0,0,0,0,0,0,0,0,0,0,0,0,0,0
2013,Rothenthurm,U2,Fine,Oak,3,777,3.21,0,0,0,0,0,0,0,0,0,0,0,0,0,0,0,0,0,0,0
2013,Rothenthurm,U2,Fine,Oak,4,778,3.07,0,0,0,0,0,0,0,0,0,0,0,0,0,0,0,0,0,0,0
2013,Rothenthurm,U2,Fine,Oak,5,779,3.03,0,0,0,0,0,0,0,0,0,0,0,0,0,0,0,0,0,0,0
2013,Rothenthurm,U2,Fine,Oak,6,780,3.06,0,0,0,0,0,0,0,0,0,0,0,0,0,0,0,0,0,0,0
2013,Rothenthurm,U2,Coarse,Alder,1,781,1.74,1,17,0,10,0,19.99999999,0,0,0,0,0,0,0,0,0,0,0,0,0
2013,Rothenthurm,U2,Coarse,Alder,2,782,2.26,0,1,0,26.99999999,0,0,0,0,0,0,0,0,0,0,0,0,0,0,1
2013,Rothenthurm,U2,Coarse,Alder,3,783,2.33,0,6.999999999,0,12,0,60,0,0,0,0,0,0,0,0,0,0,0,0,0
2013,Rothenthurm,U2,Coarse,Alder,4,784,2.58,2,8.000000001,0,5.999999999,0,40,0,0,0,0,0,0,0,0,0,0,0,0,0
2013,Rothenthurm,U2,Coarse,Alder,5,785,2.47,4,8.000000001,0,6.000000001,0,0,0,0,0,0,0,0,0,0,0,1.000000001,0,0,0
2013,Rothenthurm,U2,Coarse,Alder,6,786,2.38,2,0,0,8,0,20,0,0,0,0,0,0,0,0,0,0,0,0,0.999999999
2013,Rothenthurm,U2,Coarse,Oak,1,787,-0.54,0,11,0,44,0,20,0,0,0,0,0,0,0,0,0,0,0,0,0
2013,Rothenthurm,U2,Coarse,Oak,2,788,3.05,0,4.999999999,0,4.999999999,0,0,0,0,0,0,0,0,0,0,0,0,0,0,0
2013,Rothenthurm,U2,Coarse,Oak,3,789,3.01,0,0,0,11,0,0,0,0,0,0,0,0,0,0,0,0,0,0,0
2013,Rothenthurm,U2,Coarse,Oak,4,790,2.95,0,1,3.999999999,3.000000001,0,30.00000001,0,0,0,0,0,0,0,0,0,0,0,0,0
2013,Rothenthurm,U2,Coarse,Oak,5,791,3.08,4,0,9,0,0,10,0,0,0,0,0,0,0,0,0,0,0,0,0
2013,Rothenthurm,U2,Coarse,Oak,6,792,3,0,0,6,0,0,30,0,0,0,0,0,0,0,0,0,0,0,0,0
2013,Severy,D,Fine,Alder,1,793,2.33,0,0,0,0,0,0,0,0,0,0,0,0,0,0,0,0,0,0,0
2013,Severy,D,Fine,Alder,2,794,2.31,0,0,0,0,0,0,0,0,0,0,0,0,0,0,0,0,0,0,0
2013,Severy,D,Fine,Alder,3,795,2.41,0,0,0,0,0,80.00000001,0,0,0,0,0,0,0,0,0,0,0,0,0
2013,Severy,D,Fine,Alder,4,796,2.51,0,0,0,0,0,0,0,0,0,0,0,0,0,0,0,0,0,0,0
2013,Severy,D,Fine,Alder,5,797,2.38,0,0,0,0,0,0,0,0,0,0,0,0,0,0,0,0,0,0,0
2013,Severy,D,Fine,Alder,6,798,2.43,0,0,0,0,0,0,0,0,0,0,0,0,0,0,0,0,0,0,0
2013,Severy,D,Fine,Oak,1,799,3.09,0,0,0,0,0,0,0,0,0,0,0,0,0,0,0,0,0,0,0
2013,Severy,D,Fine,Oak,2,800,2.93,0,0,0,0,0,0,0,0,0,0,0,0,0,0,0,0,0,0,0
2013,Severy,D,Fine,Oak,3,801,3.08,0,0,0,0,0,0,0,0,0,0,0,0,0,0,0,0,0,0,0
2013,Severy,D,Fine,Oak,4,802,2.97,0,0,0,0,0,0,0,0,0,0,0,0,0,0,0,0,0,0,0
2013,Severy,D,Fine,Oak,5,803,2.96,0,0,0,0,0,0,0,0,0,0,0,0,0,0,0,0,0,0,0
2013,Severy,D,Fine,Oak,6,804,NA,0,0,0,0,0,0,0,0,0,0,0,0,0,0,0,0,0,0,0
2013,Severy,D,Coarse,Alder,1,805,2.01,18,2.000000001,0,0,0,50,0,0,0,0,0,0,0,0,0,0,0,0,2.999999999
2013,Severy,D,Coarse,Alder,2,806,2.36,0,0,0,0,0,50,0,0,0,0,0,0,0,0,0,0,0,0,2
2013,Severy,D,Coarse,Alder,3,807,2.52,6,11,0,0,0,50,0,0,0,0,0,0,0,0,0,1,0,0,3.999999999
2013,Severy,D,Coarse,Alder,4,808,2.28,4,7.000000001,0,0,0,90,0,0,0,0,0,0,0,0,0,1.999999999,0,0,0
2013,Severy,D,Coarse,Alder,5,809,2.31,0,0,0,0,0,45,0,0,0,0,0,0,0,0,0,0,0,0,0
2013,Severy,D,Coarse,Alder,6,810,2.07,0,2.999999999,0,0,0,40.00000001,0,0,0,0,0,0,0,0,0,7,0,0,0
2013,Severy,D,Coarse,Oak,1,811,3.07,0,1,0,0,0,9.999999999,0,0,0,0,0,0,0,0,0,0,0,0,0
2013,Severy,D,Coarse,Oak,2,812,2.98,4,2.000000001,0,0,0,29.99999999,0,0,0,0,0,0,0,0,2.999999999,0,0,0,0
2013,Severy,D,Coarse,Oak,3,813,2.93,6,5.000000001,0,0.999999999,0,20,0,0,0,0,0,0,0,0,3,0,0,0,0
2013,Severy,D,Coarse,Oak,4,814,2.99,2,5.000000001,0,7.999999999,0,50.00000001,99.99999999,0,0,0,0,0,0,0,0,0,0,0,0
2013,Severy,D,Coarse,Oak,5,815,3,0,0,0,0,0,39.99999999,0,0,0,0,0,0,0,0,0,0,0,0,0
2013,Severy,D,Coarse,Oak,6,816,3.02,0,0,0,0,0,20,0,0,1.000000001,0,0,0,0,0,1.000000001,0,0,0,0
2013,Severy,U1,Fine,Alder,1,817,2.22,0,0,0,0,0,0,0,0,0,0,0,0,0,0,2,0,0,0,0
2013,Severy,U1,Fine,Alder,2,818,2.11,0,0,0,0,0,0,0,0,0,0,0,0,0,0,0.999999999,0,0,0,0
2013,Severy,U1,Fine,Alder,3,819,2.48,0,0,0,0,0,0,0,0,0,0,0,0,0,0,0,0,0,0,0
2013,Severy,U1,Fine,Alder,4,820,2.42,0,0,0,0,0,0,0,0,0,0,0,0,0,0,0,0,0,0,0
2013,Severy,U1,Fine,Alder,5,821,2.49,0,0,0,0,0,20,0,0,0,0,0,0,0,0,0,0,0,0,0
2013,Severy,U1,Fine,Alder,6,822,2.4,0,0,0,0,0,0,0,0,0,0,0,0,0,0,0,0,0,0,0
2013,Severy,U1,Fine,Oak,1,823,2.97,0,0,0,0,0,0,0,0,0,0,0,0,0,0,0,0,0,0,0
2013,Severy,U1,Fine,Oak,2,824,2.91,0,0,0,0,0,0,0,0,0,0,0,0,0,0,0,0,0,0,0
2013,Severy,U1,Fine,Oak,3,825,3.06,0,0,0,0,0,0,0,0,0,0,0,0,0,0,0,0,0,0,0
2013,Severy,U1,Fine,Oak,4,826,2.91,0,0,0,0,0,0,0,0,0,0,0,0,0,0,0,0,0,0,0
2013,Severy,U1,Fine,Oak,5,827,3.02,0,0,0,0,0,0,0,0,0,0,0,0,0,0,0,0,0,0,0
2013,Severy,U1,Fine,Oak,6,828,2.99,0,0,0,0,0,0,0,0,0,0,0,0,0,0,0,0,0,0,0
2013,Severy,U1,Coarse,Alder,1,829,2.07,0,0.999999999,0.999999999,0,0,50,0,0,0,0,0,0,0,0,0,0,0,0,0
2013,Severy,U1,Coarse,Alder,2,830,1.74,0,4.000000001,0,0,0,30,0,0,0,0,0,0,0,0,0,0,0,0,0
2013,Severy,U1,Coarse,Alder,3,831,1.84,0,23,0,4.999999999,0,49.99999999,0,0,0,0,0,0,0,0,0,0,0,0,3.000000001
2013,Severy,U1,Coarse,Alder,4,832,1.62,0,23.99999999,0,0,0,80,0,0,0,0,0,0,0,0,0,0,0,0,0
2013,Severy,U1,Coarse,Alder,5,833,1.35,0,17,0,0,0,19.99999999,0,0,0,0,0,0,0,0,0,0,0,0,0
2013,Severy,U1,Coarse,Alder,6,834,1.63,0,24,0,0,0,0,0,0,0,0,0,0,0,0,0,0,0,0,1.000000001
2013,Severy,U1,Coarse,Oak,1,835,3.03,0,10,0,0.999999999,0,30,0,0,0,0,0,0,0,0,0,0,0,0,0
2013,Severy,U1,Coarse,Oak,2,836,2.91,0,1.999999999,0,0,0,30,0,0,0,0,0,0,0,0,0,0,0,0,0
2013,Severy,U1,Coarse,Oak,3,837,2.97,0,7,0,0,0,15,0,0,0,0,0,0,0,0,0,0,0,0,0
2013,Severy,U1,Coarse,Oak,4,838,2.99,0,2,0,4,0,0,0,0,0,0,0,0,0,0,2,0,0,0,0
2013,Severy,U1,Coarse,Oak,5,839,2.75,1,1.000000001,0,0,0,30,0,0,0,0,0,0,0,0,0,0,0,0,0
2013,Severy,U1,Coarse,Oak,6,840,2.93,0,5.000000001,0,0.999999999,0,0,0,0,0,0,0,0,0,0,0.999999999,0,0,0,0
2013,Severy,U2,Fine,Alder,1,841,2.47,0,0,0,0,0,0,0,0,0,0,0,0,0,0,0,0,0,0,0
2013,Severy,U2,Fine,Alder,2,842,2.21,0,0,0,0,0,0,0,0,0,0,0,0,0,0,0,0,0,0,0
2013,Severy,U2,Fine,Alder,3,843,2.27,0,0,0,0,0,39.99999999,0,0,0,0,0,0,0,0,0,0,0,0,0
2013,Severy,U2,Fine,Alder,4,844,2.17,0,0,0,0,0,0,0,0,0,0,0,0,0,0,0,0,0,0,0
2013,Severy,U2,Fine,Alder,5,845,2.27,0,0,0,0,0,0,0,0,0,0,0,0,0,0,0,0,0,0,0
2013,Severy,U2,Fine,Alder,6,846,2.38,0,0,0,0,0,15,0,0,0,0,0,0,0,0,0,0,0,0,0
2013,Severy,U2,Fine,Oak,1,847,3.02,0,0,0,0,0,0,0,0,0,0,0,0,0,0,0,0,0,0,0
2013,Severy,U2,Fine,Oak,2,848,2.88,0,0,0,0,0,0,0,0,0,0,0,0,0,0,0,0,0,0,0
2013,Severy,U2,Fine,Oak,3,849,2.97,0,0,0,0,0,0,0,0,0,0,0,0,0,0,0,0,0,0,0
2013,Severy,U2,Fine,Oak,4,850,2.85,0,0,0,0,0,0,0,0,0,0,0,0,0,0,0,0,0,0,0
2013,Severy,U2,Fine,Oak,5,851,2.71,0,0,0,0,0,30,0,0,0,0,0,0,0,0,0,0,0,0,0
2013,Severy,U2,Fine,Oak,6,852,2.99,0,0,0,0,0,20,0,0,0,0,0,0,0,0,0,0,0,0,0
2013,Severy,U2,Coarse,Alder,1,853,1.95,0,8.999999999,0,1,0,100,0,0,0,0,0,0,0,0,0,0,0,0,0
2013,Severy,U2,Coarse,Alder,2,854,1.83,0,9,0,0.999999999,0,50,0,0.999999999,0,0,0,0,0,0,0,0,0,0,4.000000001
2013,Severy,U2,Coarse,Alder,3,855,2,0,2,0,0,0,50,0,0,0,0,0,0,0,0,0,0,0,0,0
2013,Severy,U2,Coarse,Alder,4,856,2.05,0,3,0,0,0,99.99999999,0,0,0,0,0,0,0,0,0,0,0,0,0
2013,Severy,U2,Coarse,Alder,5,857,0.67,0,8.000000002,0,0,0,20,0,0,0,0,0,0,0,0,0,9.999999997,0,0,0
2013,Severy,U2,Coarse,Alder,6,858,1.87,0,10,0,0,0,40,0,0,0,0,0,0,0,0,0,0,0,0,6.000000001
2013,Severy,U2,Coarse,Oak,1,859,3,0,0.999999999,0,0,0,30,0,0,0,0,0,0,0,0,0,0,0,0,0
2013,Severy,U2,Coarse,Oak,2,860,2.99,0,9.000000001,0,1.000000001,0,15,0,0,0,0,0,0,0,0,0,0,0,0,0
2013,Severy,U2,Coarse,Oak,3,861,3.02,0,0,0,0,0,50,0,0,0,0,0,0,0,0,0,10,0,0,0
2013,Severy,U2,Coarse,Oak,4,862,2.99,0,5.000000001,0,1.000000001,0,15,0,0,0,0,0,0,0,0,2,0,0,0,0
2013,Severy,U2,Coarse,Oak,5,863,2.8,0,1,0,0,0,50.00000001,0,0,0,0,0,0,0,0,0,0,0,0,0
2013,Severy,U2,Coarse,Oak,6,864,2.99,3,4,0,0,0,40,0,0,0,0,0,0,0,0,0,0,0,0,0
